index;gid;co_cnes;lat;long;no_fantasia;no_logradouro;nu_endereco;no_bairro;nu_telefone;co_cep;uf;cidade;ano_ubs_det;mes_ubs_det
1208;3469;2787628;-23.7714529037469;-46.696679592131204;AMA UBS INTEGRADA JARDIM MIRNA;RUA DR JUVENAL HUDSON FERREIRA;13;JARDIM MIRNA;(11)55265175;4856140.0;SP;São Paulo;2016;5
1438;3889;2787679;-23.5742709;-46.68860720000001;AMA UBS INTEGRADA JARDIM PAULISTANO;RUA ENCRUZILHADA DO SUL;496;JAD PAULISTANO;(11)39715342;2816010.0;SP;São Paulo;2016;5
1444;3865;2027054;-23.5626161098473;-46.492574214933995;UBS J MARILIA;RUA ELZA DOS ANJOS NEVES;22;JD MARILIA;(11)27439526;3585100.0;SP;São Paulo;2016;5
1489;3891;2788047;-23.494329999999998;-46.62027;AMA UBS INTEGRADA LAUZANE PAULISTA;RUA VALORBE;80;LAUZANE PAULISTA;11 22318619/22585818;2442140.0;SP;São Paulo;2016;5
1508;3866;2752166;-23.5539364814751;-46.58010005950789;AMA UBS INTEGRADA AGUA RASA;RUA SERRA DE JAIRE;1480;AGUA RASA;(11)66052156;3175001.0;SP;São Paulo;2016;5
1525;3961;2787709;-23.714734947993602;-46.687110811471904;UBS J REPUBLICA;AVN GONCALO DE PAIVA GOMES;285;JARDIM REPUBLICA;(11)56635000;4812090.0;SP;São Paulo;2016;5
1533;3890;2787474;-23.743911981582;-46.705369949339506;AMA UBS INTEGRADA JARDIM ICARAI QUINTANA;RUA SAO ROQUE DO PARAGUACU;190;VILA QUINTANA;(11)59280872;4837150.0;SP;São Paulo;2016;5
1630;3887;2787636;-23.64241;-46.76743;UBS JARDIM MITSUTANI;RUA FREI XISTO TEUBER;50;JARDIM MITSUTANI;(11) 58429292;5791080.0;SP;São Paulo;2016;5
1637;3868;2788756;-23.538439999999998;-46.70368;AMA UBS INTEGRADA VILA BARBOSA;AVENIDA MANDAQUI;197;LIMAO;39661302 / 39516457;2550000.0;SP;São Paulo;2016;5
1659;3999;2042959;-23.5967230796807;-46.5924167633043;UBS JOAQUIM ROSSINI;RUA ALVARO FRAGOSO;480;VILA CARIOCA;(11)22734602;4223000.0;SP;São Paulo;2016;5
2255;4709;2787555;-23.4605956077569;-46.673505306242504;AMA UBS INTEGRADA JARDIM LADEIRA ROSA;RUA JOSE DA COSTA GAVIAO;150;BRASILANDIA;(11)39826380;2872000.0;SP;São Paulo;2016;5
2604;5309;2788535;-23.5997700691216;-46.4823603630052;UBS SAO MATEUS I;RUA ANGELO DE CANDIA;1058;SAO MATEUS;(11)20172706;3958000.0;SP;São Paulo;2016;5
3528;6971;2787334;-23.512909412383397;-46.462318897246;UBS J DAS CAMELIAS;RUA TREVO DE SANTA MARIA;79;SAO MIGUEL PAULISTA;(11)2051-8788;8050570.0;SP;São Paulo;2016;5
3577;7015;2789221;-23.530170000000002;-46.502179999999996;UBS VILA RENATO;RUA BERNARDINO FERRAZ;54;VILA RENATO;(11) 2703-0947;3978210.0;SP;São Paulo;2016;5
3585;6948;2789086;-23.633512258529;-46.6123080253588;AMA UBS INTEGRADA V MORAES JOAO PAULO BOTELHO VIEIRA;RUA GIOVANNI DI BALDUCCIO;250;VILA MORAES;(11)50580891;4170000.0;SP;São Paulo;2016;5
4677;8694;2042991;-23.6520302295678;-46.638271808622896;AMA UBS INTEGRADA DR GERALDO DA SILVA FERREIRA;AV ENG ARMANDO DE ARRUDA PERREIRA;2944;VILA DO ENCONTRO;(11) 55882366;4308001.0;SP;São Paulo;2016;5
5420;9368;2091739;-23.431252241134;-46.7874240875231;UBS MORADA DO SOL;RUA ASSIS BRASIL;31;SOL NASCENTE;1139414364;5281120.0;SP;São Paulo;2016;5
5488;9274;2789256;-23.598042726516;-46.734745502470595;AMA UBS INTEGRADA VILA SONIA;RUA ABRAO CALIL REZEK;091;VILA SONIA;(11) 37429844;5625050.0;SP;São Paulo;2016;5
5719;9876;2752247;-23.5022482603141;-46.49395018815989;AMA UBS INTEGRADA HUMBERTO CERRUTI;AVN OLAVO EGIDIO DE SOUZA ARANHA;704;VILA CISPER;(11)29439991;3822000.0;SP;São Paulo;2016;5
6357;11000;2068044;-23.462301492690397;-46.629559993742504;UBS HORTO FLORESTAL;RUA LUIS CARLOS GENTILE DE LAET;603;HORTO FLORESTAL;(11)2994-5688;2377000.0;SP;São Paulo;2016;5
7014;11619;2752239;-23.548000000000002;-46.636;AMA UBS INTEGRADA J INDEPENDENCIA HERMENEGILDO MORBIM JUNIOR;RUA PLANALTO DE CONQUISTA;80;JD INDEPENDENCIA;(11) 2211-2772;3223170.0;SP;São Paulo;2016;5
7286;12229;2752220;-23.5004532337182;-46.5168642997728;UBS ENG GOULART JOSE PIRES;RUA AUGUSTO CORREA LEITE;538;ENGENHEIRO GOULART;(11)26217402;3726100.0;SP;São Paulo;2016;5
7692;12730;2027070;-23.5452172109652;-46.4858834445477;AMA UBS INTEGRADA PADRE MANOEL DA NOBREGA;AV PEDRO FRANCISCO DE TOLEDO;545;ARTUR ALVIM;(11)27417296;3590120.0;SP;São Paulo;2016;5
7857;13179;2026988;-23.548000000000002;-46.636;AMA UBS INTEGRADA VILA CALIFORNIA ZEILIVAL BRUSCAGIN;PRACA CONDE DE JANUARIO;91;VILA CALIFORNIA;(11) 2917-1117;3215080.0;SP;São Paulo;2016;5
7864;13113;2787210;-23.67875;-46.6467;UBS JD BOA VISTA;RUA CANDIDO FONTOURA;0620;JARDIM BOA VISTA;(11)37828380;5583070.0;SP;São Paulo;2016;5
8118;13252;2787148;-23.473979999999997;-46.667229999999996;UBS DR ILZA WELTMAN HUTZLER;RUA CEL WALFRIDO DE CARVALHO;S/N;VNC;39813127;2472190.0;SP;São Paulo;2016;5
8180;13344;2788691;-23.5734200477593;-46.5159201621996;AMA UBS INTEGRADA V ANTONIETA;RUA CORONEL JOAO OLIVEIRA MELO;440;VILA ANTONIETA;(11)67249034;3474020.0;SP;São Paulo;2016;5
8311;13260;2789019;-23.567386499999998;-46.57038318211271;UBS V JAGUARA;RUA PAUVA;0721;VILA JAGUARA;(11)36251775;5116001.0;SP;São Paulo;2016;5
8451;13862;2787784;-23.58313;-46.75183;AMA UBS INTEGRADA JARDIM SAO JORGE DR PAULO EDUARDO ELIAS;AV ANGELO APARECIDO DOS SANTOS DIAS;0331;JARDIM SAO JORGE;11 3781 3817;5568090.0;SP;São Paulo;2016;5
9206;15149;2788322;-23.64241;-46.76743;AMA UBS INTEGRADA PQ FERNANDA;RUA ERNESTO SOARES FILHO;301;PARQUE FERNANDA;(11)58211632;5888070.0;SP;São Paulo;2016;5
9297;15095;2788217;-23.492539999999998;-46.69125;AMA UBS INTEGRADA PAULO VI;AV VATICANO;69;JD JOAO XXIII;11 3782-0838;5569120.0;SP;São Paulo;2016;5
9559;15597;2752328;-23.537714481353103;-46.492102146147296;UBS PQ ARTHUR ALVIM;RUA HENRIQUE JACOB;269;ARTHUR ALVIM;(11)27494235;3566010.0;SP;São Paulo;2016;5
10232;16159;2788012;-23.465005159377398;-46.605033874510404;UBS CONJUNTO DO IPESP;AVN VIRGILIA RODRIGUES A C PINTO;555;JD LEONOR M BARROS;(11)2203-0111;2346000.0;SP;São Paulo;2016;5
10613;16742;4049799;-23.5701370239251;-46.5344810485826;UBS COMENDADOR JOSE GONZALEZ;RUA NOSSA SENHORA DAS DORES;350;VILA FORMOSA;(11)29100235;3367040.0;SP;São Paulo;2016;5
10652;16741;2787253;-23.742409944533602;-46.68687343597279;AMA UBS INTEGRADA JARDIM CASTRO ALVES DRA MARIA CRISTINA F;AVENIDA JOAO PAULO BARRETO;131;JD CASTRO ALVES;(11)59712157;4842150.0;SP;São Paulo;2016;5
11380;17805;2788233;-23.4329500135122;-46.7870432138443;AMA UBS INTEGRADA PARQUE ANHANGUERA;RUA PIERRE RENOIR;100;ANHANGUERA;(11)39166160;5269000.0;SP;São Paulo;2016;5
11814;18346;2787326;-23.5759843085706;-46.7754989862442;UBS JD D ABRIL;RUA PAULO MARANHAO;0444;JARDIM DABRIL;(11)37824742;5398130.0;SP;São Paulo;2016;5
11829;18562;2787938;-23.5381972789758;-46.6890621185289;UBS J VERA CRUZ PERDIZES;R SARAMENHA;60;PERDIZES;(11)36738552;1259030.0;SP;São Paulo;2016;5
16619;28042;5731143;-23.6731603357938;-46.649333238601706;AMA UBS INTEGRADA V IMPERIO;RUA CATARINA GABRIELLI;236;AMERICANOPOLIS;(11) 5621-3891;4408090.0;SP;São Paulo;2016;5
16624;28123;2030969;-23.6648297309869;-46.644151210783605;AMA UBS INTEGRADA AMERICANOPOLIS;RUA CIDADE DE SANTOS;46;AMERICANOPOLIS;(11)55621476;4336050.0;SP;São Paulo;2016;5
16626;28085;2787091;-23.718410000000002;-46.67242;UBS JARDIM DOS EUCALIPTOS HELIO MOREIRA SALLES;RUA POEMA DAS AMERICAS;12;JD DOS EUCALIPTOS;(11) 2701-7933;3924240.0;SP;São Paulo;2016;5
16632;28130;2042932;-23.5918092727654;-46.5165209770189;AMA UBS INTEGRADA JARDIM GRIMALDI;RUA PEDRO DE CASTRO VELHO;523;VILA BANCARIA;(11) 2216-8076;3921000.0;SP;São Paulo;2016;5
16636;28067;2789094;-23.5339500394843;-46.4427441358566;UBS V NOSSA SENHORA APARECIDA;RUA PAULINO SERQUEIRA;01;ITAQUERA;(11)20797871;8215160.0;SP;São Paulo;2016;5
16637;28110;4050401;-23.567386499999998;-46.57038318211271;UBS REUNIDAS I;RUA SAO JOSE DAS ESPINHARAS;400;VILA INDUSTRIAL;(11) 2702-5904;3249030.0;SP;São Paulo;2016;5
16638;28131;2786966;-23.74786;-46.78478;AMA UBS INTEGRADA CUPECE DR WALDOMIRO PREGNOLATTO;AV SANTA CATARINA;1523;VILA SANTA CATARINA;(11)55643079;4378300.0;SP;São Paulo;2016;5
16653;28088;4049896;-23.567386499999998;-46.57038318211271;UBS ALCINA PIMENTEL PIZA;ESTRADA ITAQUAQUECETUBA;8855;ILHA DO BORORE;(11)59742289;4846010.0;SP;São Paulo;2016;5
16659;28060;2026961;-23.5896742343896;-46.5348029136644;UBS VILA HELOISA;RUA AYRES QUARESMA;11;VILA HELOISA;(11) 2302-2347;3286095.0;SP;São Paulo;2016;5
16671;28109;2788314;-23.596239999999998;-46.74308;UBS PQ ENGENHO II;AVENIDA DON RODRIGO SANCHES;700;PARQUE DO ENGENHO;(11)58212274;5892360.0;SP;São Paulo;2016;5
16676;28070;4050142;-23.540804386138202;-46.4393377304064;AMA UBS INTEGRADA JOSE BONIFACIO III DRA LUCY MAYUMI UDAKIRI;RUA SILVIO BARBINI;40;JOSE BONIFACIO;(11)29446086;8250650.0;SP;São Paulo;2016;5
16680;28132;2047004;-23.567386499999998;-46.57038318211271;UBS AURELIO MELLONE JD S SAVERIO;RUA ATILIO SELVA;10;JARDIM CELESTE;(11)2331-2131;4195060.0;SP;São Paulo;2016;5
16683;28082;2788284;-23.6492729187005;-46.610269546507396;AMA UBS INTEGRADA PQ BRISTOL;RUA FRANCOIS BUNEL;194;PARQUE BRISTOL;(11)23313089;4193310.0;SP;São Paulo;2016;5
16685;28089;2789116;-23.556829999999998;-46.73189;AMA UBS INTEGRADA VILA NOVA JAGUARE;RUA SATALIEL DE CAMPOS;222;JAGUARE;(11)37681527;5333010.0;SP;São Paulo;2016;5
16694;28050;4050037;-23.548000000000002;-46.636;UBS JARDIM COLORADO DR JOSE PIRES;JOSE DE ARAUJO VIEIRA R;61;JD RODOLFO PIRANI;(11)2751-6474;8310240.0;SP;São Paulo;2016;5
16695;28071;2788179;-23.5272860527032;-46.4358615875231;AMA UBS INTEGRADA PARADA XV DE NOVEMBRO;RUA IBIAJARA;804;XV DE NOVEMBRO;(11)22860017;8246101.0;SP;São Paulo;2016;5
16696;28064;2788594;-23.4867739677422;-46.65543794631821;AMA UBS INTEGRADA MASSAGISTA MARIO AMERICO;RUA OSCAR DE MOURA LACERDA;231;SITIO DO MANDAQUI;22391561 / 22392222;2541070.0;SP;São Paulo;2016;5
16702;28101;2788888;-23.523359298705397;-46.5262198448168;UBS V ESPERANCA EMILIO SANTIAGO DE OLIVEIRA;RUA COREMU;163;VILA ESPERANCA;(11)29587502;3647030.0;SP;São Paulo;2016;5
16708;28127;2787857;-23.5932040214532;-46.511178016661205;UBS JARDIM SINHA;RUA JIM CLARK;10;JARDIM SINHA;(11) 2722-6823;3923165.0;SP;São Paulo;2016;5
16715;28102;2787563;-23.567386499999998;-46.57038318211271;UBS J LIDIA;RUA GUTEMBERG JOSE FERREIRA;500;JARDIM LIDIA;(11)55114428;5860070.0;SP;São Paulo;2016;5
16716;28073;4049926;-23.5524022579186;-46.487360000608994;UBS PADRE JOSE DE ANCHIETA;RUA SILVIO TORRES;313;ARTHUR ALVIM;(11)27421367;3589010.0;SP;São Paulo;2016;5
16718;28129;2787830;-23.6206376552575;-46.5887475013719;UBS J SECKLER;RUA CARLOS MAURO;114;SAO JOAO CLIMACO;(11) 29468532;4240150.0;SP;São Paulo;2016;5
16722;28046;2787776;-23.497168300000002;-46.5301028;UBS J SAO FRANCISCO;RUA JURITI PIRANGA;195;CANGAIBA;(11)29572808;3718020.0;SP;São Paulo;2016;5
16723;28066;6048633;-23.567386499999998;-46.57038318211271;UBS BORACEA;RUA BORACEA;270;SANTA CECILIA;(11) 33921281;1135010.0;SP;São Paulo;2016;5
16738;28112;2029618;-23.51923;-46.64781;UBS BOM RETIRO OCTAVIO AUGUSTO RODOVALHO;R TENENTE PENA;08;BOM RETIRO;(11)32220619;1127020.0;SP;São Paulo;2016;5
16744;28069;2786834;-23.56195;-46.62579;UBS CAMBUCI;AV LACERDA FRANCO;791;CAMBUCI;(11)32093304;1536000.0;SP;São Paulo;2016;5
16745;28116;6377742;-23.567386499999998;-46.57038318211271;UBS VILA CAIUBA;RUA PRESIDENTE VARGAS;540;PERUS;1138952063;5207000.0;SP;São Paulo;2016;5
16774;28049;2027674;-23.47746;-46.59025;UBS V NIVI;PCA CAMPINOPOLIS;125;VILA NIVI;(11)2201-7219;2252160.0;SP;São Paulo;2016;5
16783;28041;2787040;-23.61657;-46.48545;UBS FAZENDA DA JUTA I;TRAVESSA LEV LANDAU;23;FAZENDA DA JUTA;(11) 2015-9509;3977740.0;SP;São Paulo;2016;5
16789;28094;2787113;-23.56152;-46.656009999999995;UBS HUMAITA;RUA HUMAITA;520;BELA VISTA;(11)32411632;1321010.0;SP;São Paulo;2016;5
16793;28099;2788381;-23.6327;-46.7351;UBS PARQUE REGINA;RUA MELO COUTINHO;260;PARQUE REGINA;(11) 58165562;5775230.0;SP;São Paulo;2016;5
16796;28048;2752352;-23.552760905788602;-46.5247365832329;AMA UBS INTEGRADA V CARRAO DR ADHEMAR MONTEIRO PACHECO;RUA DR JACY BARBOSA;280;VILA CARRAO;(11)27854728;3447000.0;SP;São Paulo;2016;5
16801;28117;2788195;-23.567386499999998;-46.57038318211271;AMA UBS INTEGRADA PARI;RUA DAS OLARIAS;503;CANINDE;(11)2298371;3030020.0;SP;São Paulo;2016;5
16815;28103;2787903;-23.80676;-46.68765;UBS J TRES CORACOES;RUA GEN JOSE DE OLIVEIRA RAMOS;275;JARDIM TRES CORACOES;(11)59315969;4855330.0;SP;São Paulo;2016;5
16816;28058;2787741;-23.548000000000002;-46.636;UBS JD ROSELI;SIMAO NUNES RUA;31;JARDIM ROSELI;(11)27315143;8380039.0;SP;São Paulo;2016;5
16839;28061;4050150;-23.829860687255202;-46.7269778251634;UBS PARELHEIROS;RUA JUVENAL LUZ;S/N;JARDIM NOVO PARELHEI;5921-4946/5921-6780;4890430.0;SP;São Paulo;2016;5
16841;28072;2788373;-23.4974169731133;-46.6550517082201;UBS PARQUE PERUCHE;RUA JOSE RANGEL CAMARGO;500;CV;38588303;2538010.0;SP;São Paulo;2016;5
16852;28111;2787482;-23.548000000000002;-46.636;UBS JD IV CENTENARIO;CAMPO FLORIDO RUA;482;JD IV CENTENARIO;(11)27214249;3940000.0;SP;São Paulo;2016;5
16864;28142;2045451;-23.548000000000002;-46.636;UBS VILA ALPINA DR HERMINIO MOREIRA;RUA PARAMU;398;VILA ALPINA;(11) 2912-8958;3147100.0;SP;São Paulo;2016;5
16870;28107;2787822;-23.6131489;-46.495808700000005;UBS JARDIM SAPOPEMBA;RUA JOAO LOPES DE LIMA;1151;JARDIM SAPOPEMBA;(11) 2019-6305;3976020.0;SP;São Paulo;2016;5
16871;28044;2789000;-23.5026204586022;-46.4496159553514;UBS VILA JACUI;RUA EDIPO FELICIANO;165;VILA JACUI;(11)2297-8709;8060220.0;SP;São Paulo;2016;5
16875;28124;2787490;-23.58492;-46.50128;UBS J IVA;RUA MIGUEL BASTOS SOARES;365;JARDIM IVA;(11)2710884;3910000.0;SP;São Paulo;2016;5
16900;28047;2042827;-23.530204296111396;-46.479849815367295;AMA UBS INTEGRADA JARDIM NORDESTE;RUA NICOLO TARTAGLIA;45;JARDIM COIMBRA;(11)22806211;3693050.0;SP;São Paulo;2016;5
16908;28143;2043009;-23.567386499999998;-46.57038318211271;AMA UBS INTEGRADA JARDIM ELBA HUMBERTO GASTAO BODRA;R BATISTA FERGUZIO;1016;V CARDOSO FRANCO;(11) 2704-8997;3978180.0;SP;São Paulo;2016;5
16909;28043;2787911;-23.6619007587426;-46.669642925261094;UBS JD UMUARAMA;RUA ANTONIO GIL;721;VILA FILOMENA;(11)5562-8445;4655000.0;SP;São Paulo;2016;5
16911;28051;2787245;-23.546529999999997;-46.652640000000005;AMA UBS INTEGRADA J CAPELA;RUA BARAO DE PAIVA MANSO;200;JARDIM CAPELA;(11)55170226;4960110.0;SP;São Paulo;2016;5
16912;28040;2788276;-23.5945880413049;-46.448242664335794;UBS PQ BOA ESPERANCA;AV RAGUEB CHOHFI;3826;PQ BOA ESPERANCA;(11)27316484;8341410.0;SP;São Paulo;2016;5
16931;28086;2788225;-23.548000000000002;-46.636;AMA UBS INTEGRADA PERUS;PRACA VIGARIO JOAO GONCALVES LIMA;239;PERUS;(11)39170707;5206180.0;SP;São Paulo;2016;5
16936;28065;2787407;-23.4934077846234;-46.700871884822796;UBS JARDIM GUANABARA;AV PETRONIO PORTELA;663;FREGUESIA DO O;(11)39752134;2959000.0;SP;São Paulo;2016;5
16953;28566;2786826;-23.5766923427575;-46.733887195585794;UBS BUTANTA;R CABRAL DE MENEZES;051;VILA GOMES;(11)37261838;5590050.0;SP;São Paulo;2016;5
16988;28571;4050223;-23.567386499999998;-46.57038318211271;UBS PQ DO LAGO;ESTRADA DA BARONEZA;1000;PARQUE DO LAGO;(11)55170045;4944000.0;SP;São Paulo;2016;5
17124;28477;2027631;-23.51644;-46.63681;UBS JOAQUIM ANTONIO EIRADO;AVN BRAZ LEME;2945;SANTANA;11 2975-4218;2022011.0;SP;São Paulo;2016;5
17168;28476;2787350;-23.495281934737502;-46.380200386046;AMA UBS INTEGRADA JD DAS OLIVEIRAS;RUA JOSE DA CRUZ CAMARGO;174;ITAIM PAULISTA;2572-0367;8122100.0;SP;São Paulo;2016;5
17197;28579;2788942;-23.5795462131493;-46.5287303924547;AMA UBS INTEGRADA VILA GUARANI;RUA TERESINHA;123;JD MARINGA;(11)2161869;3382180.0;SP;São Paulo;2016;5
18219;29702;2787377;-23.5303652286523;-46.421763896940796;UBS JARDIM ETELVINA;RUA MANOEL TEODORO XAVIER;138;GUAIANAZES;(11)20351756;8430570.0;SP;São Paulo;2016;5
18280;29777;2752387;-23.5488831996911;-46.5611314773546;UBS VILA SANTO ESTEVAO DR WOADY JORGE KALIL;RUA ANTONIO CAMARDO;678;VILA GOMES CARDIM;(11)2943028;3309060.0;SP;São Paulo;2016;5
20329;32097;2787881;-23.598793745040197;-46.495234966276705;AMA UBS INTEGRADA JARDIM TIETE I OSCAR PEREIRA DA SILVA;AVENIDA ENGENHO NOVO;120;JARDIM TIETE;(11)20171431;3943020.0;SP;São Paulo;2016;5
20368;32093;2788144;-23.56152;-46.656009999999995;UBS NOSSA S DO BRASIL ARMANDO DARIENZO;RUA ALM MARQUES LEAO;684;BELA VISTA;(11)32844601;1330010.0;SP;São Paulo;2016;5
20409;32096;2787873;-23.6302399635308;-46.443586349486;AMA UBS INTEGRADA JD SANTO ANDRE;MIGUEL FERREIRA DE MELO;497;JARDIM SANTO ANDRE;(11)27514339;8390000.0;SP;São Paulo;2016;5
20505;32094;2787695;-23.464404344558;-46.654794216154606;UBS JD PERI;AVENIDA PERI RONCHETTI;914;VNC;22318771;2633000.0;SP;São Paulo;2016;5
20554;32095;2787768;-23.543129999999998;-46.63765;UBS J SAO BENTO;RUA JOAO ROBALO;64;JARDIM SAO BENTO;(11)58732681;5881000.0;SP;São Paulo;2016;5
20577;32091;2787342;-23.6040937900536;-46.42996072769029;AMA UBS INTEGRADA JD DAS LARANJEIRAS;BENTO GUELFI AV;1100;JD DAS LARANJEIRAS;(11)27317252;8381001.0;SP;São Paulo;2016;5
20593;32090;2786869;-23.4823;-46.63283;UBS CASA VERDE ALTA;RUA LAVINIO SALES ARCURI;120;CV ALTA;38588592;2564000.0;SP;São Paulo;2016;5
20649;32098;2788853;-23.548579999999998;-46.63658;UBS VILA ESPANHOLA;AVENIDA JOAO DOS SANTOS ABREU;650;VNC;2263-1569;2566010.0;SP;São Paulo;2016;5
20735;32498;2788837;-23.4676;-46.6612;UBS VILA DIONISIA;RUA CHEN FERRAZ FALCAO;50;VNC;3984-9329;2670040.0;SP;São Paulo;2016;5
20902;32494;2788357;-23.51705;-46.56763;UBS PARQUE NOVO MUNDO II;R SOLDADO ANTONIO MATIAS DE CAMARGO;87;PARQUE NOVO MUNDO;(11)29544580;2188050.0;SP;São Paulo;2016;5
21206;32873;2788977;-23.6823;-46.653290000000005;UBS VILA IMPERIO DRA GILDA TERA TAHIRA;NESTOR SAMPAIO PENTEADO;S/N;AMERICANOPOLIS;(11) 5624-6797;4409060.0;SP;São Paulo;2016;5
21451;32872;2788799;-23.673723936080197;-46.666381359099;UBS V CONSTANCIA VICENTE OCTAVIO GUIDA;RUA HERMENEGILDO MARTINI;S/N;VILA DO CASTELO;(11)5678-7444;4438280.0;SP;São Paulo;2016;5
21464;32818;2074079;-23.60581;-46.503370000000004;UBS TEOTONIO VILELA;AVENIDA ARQ VILANOVA ARTIGAS;1071;LAR NACIONAL;(11) 2704-1383;3928240.0;SP;São Paulo;2016;5
24036;35788;3996115;-23.5831282;-46.7518265;UBS SAO JORGE CIDADE ADEMAR;AV EDUARDO PEREIRA RAMOS;810;JARDIM SAO JORGE;(011) 5611 3527;4432000.0;SP;São Paulo;2016;5
24051;35729;2788403;-23.6327;-46.7351;UBS PQ RESIDENCIAL COCAIA INDEPENDENTE;RUA FELINTO MILANEZ;26;PQ RESIDENCIAL COCAI;(11)59310209;4849040.0;SP;São Paulo;2016;5
24074;35754;3359131;-23.5904;-46.5714;UBS VILA PRUDENTE;PCA CENTENARIO DE VILA PRUDENTE;108;VILA PRUDENTE;(11) 2272-5763;3132050.0;SP;São Paulo;2016;5
24144;35722;2766000;-23.69539;-46.65931;UBS MAR PAULISTA;MATSUISHI WADA;393;BALN MAR PAULISTA;(11)5616-9406;4463060.0;SP;São Paulo;2016;5
24228;35870;6683991;-23.6898924;-46.654844;UBS JARDIM SELMA CIDADE ADEMAR;RUA PEDRO FERNANDES ARAGAO;305;JARDIM SELMA;(11) 5611-6743;4431160.0;SP;São Paulo;2016;5
24570;36143;2787520;-23.448879718779803;-46.596171855925206;AMA UBS INTEGRADA JARDIM JOAMAR;RUA ADAUTO BEZERRA DELGADO;230;JARDIM JOAMAR;(11)22048387;2320110.0;SP;São Paulo;2016;5
26344;38295;2046962;-23.567386499999998;-46.57038318211271;UBS CIDADE PEDRO JOSE NUNES;RUA JOSE BARGAS;143;JD PEDRO JOSE NUNES;(11)2297-5453;8061020.0;SP;São Paulo;2016;5
26369;38389;2057271;-23.5039079189294;-46.38556480407579;UBS J CAMARGO NOVO;RUA GENERAL PEREIRA DE BERREDO;275;JAD CAMARGO NOVO;(11)2567-5959;8121260.0;SP;São Paulo;2016;5
26378;38252;2043017;-23.567386499999998;-46.57038318211271;UBS MASCARENHAS DE MORAES;RUA SARGENTO EDGAR LOURENCO PINTO;116;C MASCARENHAS MORAES;(11) 2919-1120;3977180.0;SP;São Paulo;2016;5
26402;38064;2027526;-23.5113108158105;-46.38429880142079;AMA UBS INTEGRADA JD NELIA;RUA ITAJUIBE;1910;ITAIM PAULISTA;2963-3802/2572-1948;8142000.0;SP;São Paulo;2016;5
26403;38062;2027380;-23.620895147322898;-46.68768882751329;UBS MENINOPOLIS MARIO FRANCISCO NAPOLITANO;RUA OSCAR GOMES CARDIM;S/N;VL CORDEIRO;(11)50961058;4580040.0;SP;São Paulo;2016;5
26420;38049;2026996;-23.542928695678;-46.431226730345294;AMA UBS INTEGRADA JOSE BONIFACIO I;AV PROF OSVALDO DE OLIVEIRA;610;JD HELENA;(11)25575136;8420280.0;SP;São Paulo;2016;5
26430;38063;2027461;-23.58313;-46.75183;UBS PQ DA LAPA;RUA BERGSON;52;VL LEOPOLDINA;(11)38368029;5301060.0;SP;São Paulo;2016;5
26453;38058;2027275;-23.567386499999998;-46.57038318211271;UBS V ALBERTINA DR OSVALDO MARCAL;RUA ANTONIO JOAQUIM DE OLIVEIRA;220;VILA ESMERALDA;(11)28215150;2356020.0;SP;São Paulo;2016;5
26461;38061;2027321;-23.84;-46.75309;UBS RECANTO CAMPO BELO;RUA VIRGINIA MODESTO;800;RECANTO CAMPO BELO;5926-2002/ 5921-8022;4880035.0;SP;São Paulo;2016;5
26484;38249;2042967;-23.612751960753698;-46.616299152372896;UBS J DA SAUDE NEUSA ROSALIA MORALES;RUA DOMINGOS DE ROGATIS;187;JARDIM DA SAUDE;(11)50629586;4290080.0;SP;São Paulo;2016;5
26495;38052;2027046;-23.595875501631998;-46.5001273155199;UBS JD PARAGUACU DR GONCALO FELICIANO ALVES;TAIOBEIRAS;125;JARDIM PARAGUACU;(11)27270484;3941060.0;SP;São Paulo;2016;5
26510;38236;2042258;-23.5506105422967;-46.598403453825505;UBS MOOCA I;RUA TAQUARI;549;MOOCA;(11)2915517;3166000.0;SP;São Paulo;2016;5
26537;38060;2027305;-23.58308;-46.406079999999996;UBS PROFETA JEREMIAS;RUA LUIS BORDESE;63;CIDADE TIRADENTES;(11)25583866;8471710.0;SP;São Paulo;2016;5
26544;38067;2027690;-23.548000000000002;-46.636;UBS DONA MARIQUINHA SCIASCIA;RUA DR JOSE VICENTE;280;TREMEMBE;(11)22030063;2370080.0;SP;São Paulo;2016;5
26562;38287;2046261;-23.548000000000002;-46.636;UBS ITAIM PAULISTA JULIO DE GOUVEIA;PRC MAJOR JOSE LEVY SOBRINHO;139;ITAIM PAULISTA;(11)2561-9443;8110460.0;SP;São Paulo;2016;5
26567;38111;2030934;-23.64774942398;-46.638464927672004;UBS CIDADE VARGAS;RUA DOS COMERCIARIOS;236;CIDADE VARGAS;(11)55884890;4320030.0;SP;São Paulo;2016;5
26572;38297;2046997;-23.653274;-46.6506206;UBS V STA CATARINA;RUA BELMIRO ZANETTI ESTEVES;181;VILA SANTA CATARINA;(11)55639814;4377060.0;SP;São Paulo;2016;5
26586;38053;2027062;-23.482470000000003;-46.68307;UBS VILA RAMOS FREGUESIA DO O;RUA FERRAZ DE VASCONCELOS;80;PARQUE MANDI;(11)39240208;2760060.0;SP;São Paulo;2016;5
26587;38250;2042983;-23.567386499999998;-46.57038318211271;UBS EDUARDO ROMANO RESCHILIAN;RUA DR LAFAIETE S CAMARGO;40;JD CLIMAX;(11)23355319;4177380.0;SP;São Paulo;2016;5
26608;38065;2027666;-23.4944343566888;-46.63743495941029;UBS CHORA MENINO;RUA COPACABANA;185;SANTA TEREZINHA;11 2281-8786;2461000.0;SP;São Paulo;2016;5
26612;38051;2027038;-23.611829280852604;-46.463563442228896;UBS CID SATELITE SANTA BARBARA;SOL R;45;CID SAT STA BARBARA;(11)29195857;8330360.0;SP;São Paulo;2016;5
26644;38050;2027011;-23.616667985915498;-46.456568241118;UBS JD CARRAOZINHO;MARCOS GONCALVES CORREA RUA;025;J VL CARRAO;(11)27540622;8340320.0;SP;São Paulo;2016;5
26652;38069;2027720;-23.4997558593743;-46.5912151336656;UBS V MARIA LUIZ PAULO GNECCO;R ANDRE DA FONSECA;70;VILA MUNHOZ;34755211;2135010.0;SP;São Paulo;2016;5
26674;38059;2027291;-23.4862053394311;-46.4597439765917;UBS UNIAO VILA NOVA I;RUA GRAZIELE BALDARK GOMES;36;SAO MIGUEL PAULISTA;(11)2956-3837;8070000.0;SP;São Paulo;2016;5
26682;38245;2042541;-23.4610998630517;-46.583404541014296;UBS DR JOSE TOLEDO PIZA;RUA DR ANTONIO CESAR NETO;387;JACANA;(11)28215207;2276000.0;SP;São Paulo;2016;5
26685;38395;2057891;-23.567386499999998;-46.57038318211271;UBS PQ SAO LUCAS;RUA DR NOGUEIRA DE NORONHA;322;PQ SAO LUCAS;(11) 2211-2503;3239080.0;SP;São Paulo;2016;5
26690;38066;2027682;-23.5044336318963;-46.660072803496;UBS CASA VERDE;RUA VICHY;468;CV;39660247;2522100.0;SP;São Paulo;2016;5
26696;38386;2057131;-23.567386499999998;-46.57038318211271;UBS CIDADE KEMEL;KEMEL ADDAS;1031;CIDADE KEMEL;(11)2963-2346;8130485.0;SP;São Paulo;2016;5
26738;38604;2086816;-23.567386499999998;-46.57038318211271;UBS VERA CRUZ;AV FUNCIONARIOS PUBLICOS;379;JD VERA CRUZ;(11)58985900;4962000.0;SP;São Paulo;2016;5
26800;38483;2064820;-23.5150766372674;-46.4830255508409;UBS DR CARLOS OLIVALDO DE SOUZA LOPES MUNIZ;RUA BARTOLOMEU SOARES;16;ALTO DA PONTE RASA;(11)20411744;3894000.0;SP;São Paulo;2016;5
26813;38642;2091747;-23.567386499999998;-46.57038318211271;UBS ALPES DO JARAGUA;ALAMEDA DAS LIMEIRAS;46;ALPES DO JARAGUA;(11)39411169;5187634.0;SP;São Paulo;2016;5
26829;38552;2075016;-23.515108823775602;-46.4330506324755;UBS V PROGRESSO;RUA REAL HORTO;115;VILA PROGRESSO;(11)2035-2488;8245260.0;SP;São Paulo;2016;5
26855;38513;2068109;-23.498640060424105;-46.5969228744493;UBS VILA LEONOR;AV ANGELINA;770;VL LEONOR;(11)22074797;2077000.0;SP;São Paulo;2016;5
26875;38643;2091798;-23.510184288024202;-46.446654796599;AMA UBS INTEGRADA SITIO DA CASA PINTADA;RUA MARIA SANTANA;1069;SAO MIGUEL PAULISTA;(11)2053-0800;8040450.0;SP;São Paulo;2016;5
26921;38573;2079070;-23.567386499999998;-46.57038318211271;UBS V CISPER;RUA CACULE;79;ERMELINO MATARAZZO;(11)2546.5100;3817220.0;SP;São Paulo;2016;5
26935;38646;2091720;-23.567386499999998;-46.57038318211271;UBS J FONTALIS;RUA ANTONIO PICAROLLO;41;JD FONTALIS;(11)29956257;2323000.0;SP;São Paulo;2016;5
26957;38459;2063670;-23.491752147673896;-46.57314777374129;UBS VILA SABRINA DR CARLOS AUGUSTO AUTRAN PEDERNEIRAS LIMA;R FRANCISCO FRANCO MACHADO;150;VILA SABRINA;(11)34787250;2139020.0;SP;São Paulo;2016;5
26978;38603;2086808;-23.567386499999998;-46.57038318211271;UBS J STA MARIA;RUA EMBIRATAI;201203;JD SANTA MARIA;(11)27247004;3576000.0;SP;São Paulo;2016;5
26989;38486;2065266;-23.488286733626598;-46.476824283598496;UBS ERMELINO MATARAZZO;RUA ANTONIO FREITAS DE TOLEDO;185;ERMELINO MATARAZZO;25440051/25458235;3809060.0;SP;São Paulo;2016;5
26992;38554;2075202;-23.486344814299898;-46.576817035673706;AMA UBS INTEGRADA JARDIM BRASIL;R FRANCISCO PEIXOTO BEZERRA;400;JARDIM BRASIL;(11)22014101;2222010.0;SP;São Paulo;2016;5
27011;38644;2091712;-23.5092294216149;-46.664214134215;UBS AE NISA DR WALTER ELIAS;RUA MOURAO VIEIRA;11;CV;38588593;2518020.0;SP;São Paulo;2016;5
27030;38602;2086743;-23.567386499999998;-46.57038318211271;UBS J CAICARA;RUA SERAFIM ALVARES;46;JARDIM CAICARA;(11)58334375;5871370.0;SP;São Paulo;2016;5
27055;38453;2062658;-23.567386499999998;-46.57038318211271;UBS J MAIA;RUA MARFIM VEGETAL;108;JARDIM MAIA;(11)2581-6962;8081330.0;SP;São Paulo;2016;5
27075;38484;2064855;-23.567386499999998;-46.57038318211271;UBS AGUA FUNDA;RUA ROSA DE MORAES;91;AGUA FUNDA;(11)50736253;4155000.0;SP;São Paulo;2016;5
30770;42788;2752336;-23.5317921638482;-46.652348041533095;UBS DR HUMBERTO PASCALE SANTA CECILIA;RUA VITORINO CARMILO;599;SANTA CECILIA;(11)38260096;1153000.0;SP;São Paulo;2016;5
30775;42786;2752271;-23.560202121733898;-46.51014804839949;AMA UBS INTEGRADA VL ITAPEMA;RUA COSTEIRA;572;JARDIM ARISI;(11)27243946;3573010.0;SP;São Paulo;2016;5
30851;42783;2752212;-23.4758305549615;-46.6304183006273;UBS DOMINGOS MAZZONETO DE CILO VILA AURORA;RUA ENGENHEIRO JEAN BUFF;126;CHACARA DO ENCOSTO;(11)2235-1053;2417180.0;SP;São Paulo;2016;5
30880;42780;2752182;-23.5485;-46.63458;UBS BRAS MANOEL SALDIVA NETO;RUA SAMPSON;61;BRAS;(11)62925453;3013040.0;SP;São Paulo;2016;5
30915;42790;2752379;-23.574267625808;-46.558685302733004;AMA UBS INTEGRADA V ORATORIO TITO PEDRO MASCELANI;RUA JOAO FIALHO DE CARVALHO;35;VILA DIVA;(11) 23012979;3345010.0;SP;São Paulo;2016;5
30966;42778;2751828;-23.673992156981697;-46.6594290733324;AMA UBS INTEGRADA V JOANIZA;RUA LUIS VIVES;85;VILA JOANIZA;(11) 5622-0844;4404150.0;SP;São Paulo;2016;5
30974;42784;2752255;-23.538969755172;-46.4559888839708;UBS ITAQUERA;RUA AMERICO SALVADOR NOVELLI;265;ITAQUERA;(11)22860015;8210090.0;SP;São Paulo;2016;5
31016;42787;2752301;-23.587346076964604;-46.6855430603014;UBS JOSE DE BARROS MAGALDI;RUA SALVADOR CARDOSO;0177;ITAIM BIBI;(11)31686571;4533050.0;SP;São Paulo;2016;5
31032;42781;2752190;-23.523284196852998;-46.4907073974596;UBS BURGO PAULISTA;RUA JOSE SILVA ALCANTARA FILHO;1031;BURGO PAULISTA;(11)2280.0080;3680000.0;SP;São Paulo;2016;5
31058;42779;2752174;-23.533182;-46.5945435;UBS BELENZINHO MARCUS WOLOSKER;AVENIDA CELSO GARCIA;1749;BELENZINHO;(11)22925687;3015000.0;SP;São Paulo;2016;5
31087;42785;2752263;-23.6007031;-46.5411364;UBS JARDIM GUAIRACA;RUA ERVA IMPERIAL;501;JARDIM GUAIRACA;(11 ) 2301-1339;3244030.0;SP;São Paulo;2016;5
31089;42789;2752360;-23.5459756851189;-46.5320777893053;UBS V NOVA MANCHESTER DR ARLINDO GENNARI;PRACA HAROLDO DALTRO;461;VILA NOVA MANCHESTER;(11)22954163;3444090.0;SP;São Paulo;2016;5
31102;42782;2752204;-23.505817651748;-46.5204477310167;AMA UBS INTEGRADA CANGAIBA DOUTOR CARLOS GENTILE DE MELLO;AV CANGAIBA;3722;CANGAIBA;(11)26216523;3712000.0;SP;São Paulo;2016;5
31124;43146;2789183;-23.567386499999998;-46.57038318211271;UBS VILA PIRITUBA;RUA RIBEIRAO VERMELHO;501;VILA PIRITUBA;(11)39042509;5170000.0;SP;São Paulo;2016;5
31125;43087;2788063;-23.5554;-46.69058;UBS MANUEL JOAQUIM PERA;RUA PURPURINA;280;VILA MADALENA;(11)30329891;5435030.0;SP;São Paulo;2016;5
31126;43120;2788764;-23.587303161620397;-46.7700433731066;UBS V BORGES;RUA JACINTO DE MORAIS;022;JARDIM CLAUDIA;(11)37824739;5546040.0;SP;São Paulo;2016;5
31127;43046;2787393;-23.65669;-46.75695;UBS J GERMANIA;R JOAO FUGULIM;338;JD NOVA GERMANIA;(11)55111761;5849340.0;SP;São Paulo;2016;5
31129;43011;2786818;-23.567386499999998;-46.57038318211271;UBS BRASILANDIA;RUA PARAPUA;1646;BRASILANDIA;(11)39218713;2831001.0;SP;São Paulo;2016;5
31130;43007;2786737;-23.70185;-46.7675;UBS ALTO DA RIVIERA;AV PROF MARIO MAZAGAO;194;ALTO DA RIVIERA;(11) 58339952;4929080.0;SP;São Paulo;2016;5
31132;43102;2788519;-23.57835;-46.60536;UBS SACOMA;ESTRADA DAS LAGRIMAS;1403;SACOMA;(11)22733537;4232000.0;SP;São Paulo;2016;5
31133;43153;2789302;-23.683025836943898;-46.7116141319261;UBS VELEIROS;AVENIDA CLARA MANTELLI;185;VELEIROS;(11)56815520;4771180.0;SP;São Paulo;2016;5
31134;43021;2786958;-23.567386499999998;-46.57038318211271;UBS COSTA MELO;RUA LUIS ASSON;165;V MONTEVIDEO;(11)2958.2981;3624010.0;SP;São Paulo;2016;5
31138;43031;2787083;-23.548000000000002;-46.636;UBS GUAIANAZES;RUA PROFESSOR COSME DEODATO TADEU;90;GUAIANASES;(11)25578177;8450380.0;SP;São Paulo;2016;5
31141;43125;2788829;-23.6297035217278;-46.6047549247728;UBS V DAS MERCES;RUA NOSSA SENHORA DAS MERCES;1315;VILA DAS MERCES;(11)29461443;4165001.0;SP;São Paulo;2016;5
31142;43145;2789175;-23.4939;-46.50373;AMA UBS INTEGRADA VILA PIAUI;PCA CAMILO CASTELO BRANCO;10;VILA PIAUI;(11)36219840;5109270.0;SP;São Paulo;2016;5
31146;43113;2788667;-23.43299;-46.719840000000005;UBS UNIAO DAS VILAS DE TAIPAS;AV ELISIO TEIXEIRA LEITE;7703;PARADA DE TAIPAS;(11)39721355;2810000.0;SP;São Paulo;2016;5
31147;43135;2789027;-23.567386499999998;-46.57038318211271;UBS VILA MAGGI;RUA CONDE MONTERONE;40;PIRITUBA;(11)39721435;2982190.0;SP;São Paulo;2016;5
31155;43154;2789310;-23.567386499999998;-46.57038318211271;UBS V COSMOPOLITA;RUA ALDEIA MARIA;258;GUAIANASES;(11)25558583;8021070.0;SP;São Paulo;2016;5
31158;43137;2789043;-23.536459207534104;-46.5276789665209;UBS VILA MATILDE DR RUBENS DO VAL;RUA MARCONDES DE BRITO;1304;VILA MATILDE;(11)26534391;3512030.0;SP;São Paulo;2016;5
31161;43008;2786753;-23.49485;-46.46803;UBS ANTONIO P F VILLALOBO;RUA COELHO DE CASTRO;95;VILA NHOCUNE;(11)27493521;3560030.0;SP;São Paulo;2016;5
31165;43059;2787660;-23.548000000000002;-46.636;UBS JARDIM PANAMERICANO;RUA BARRA DA FORQUILHA;38;JARDIM PANAMERICANO;(11) 39411362;2993000.0;SP;São Paulo;2016;5
31168;43022;2786974;-23.58308;-46.406079999999996;UBS DOM ANGELICO;EST MANOEL DE OLIVEIRA RAMOS;01;CIDADE TIRADENTES;(11)25553894;8473000.0;SP;São Paulo;2016;5
31173;43064;2787806;-23.58313;-46.75183;UBS J SAO NICOLAU;RUA BROOK TAYLOR;30;JD NORDESTE;(11)22807508;3690000.0;SP;São Paulo;2016;5
31174;43060;2787687;-23.5095191001885;-46.497251987455904;UBS J PENHA;AV SAO MIGUEL;3721;PONTE RASA;(11)2546.5867;3871000.0;SP;São Paulo;2016;5
31176;43126;2788934;-23.70352;-46.636590000000005;UBS VILA GUACURI CICERO SERGIO CAVALCANTE;RUA VALENTINO FIORAVANTE;416;JARDIM RUBILENE;(11)56740921;4475380.0;SP;São Paulo;2016;5
31177;43117;2788713;-23.6337053775781;-46.5890479087816;UBS V ARAPUA;RUA COLOMBO FLORENCE;235;VILA ARAPUA;(11)29466660;4257045.0;SP;São Paulo;2016;5
31182;43123;2788802;-23.50241;-46.422109999999996;UBS V CURUCA;RUA PEDRO MEIRA;01;VILA CURUCA;2035-4311/2513-2255;8030500.0;SP;São Paulo;2016;5
31183;43134;2788993;-23.4931898117059;-46.60080671310289;UBS VILA IZOLINA MAZZEI;R ORLANDO RIBEIRO DANTAS;154;VILA IZOLINA MAZZEI;(11)62016586;2083010.0;SP;São Paulo;2016;5
31185;43050;2787458;-23.54541;-46.68676;UBS J HERCULANO;RUA IGNACIO LIMAS;11;J HERCULANO;(11)58326643;4920050.0;SP;São Paulo;2016;5
31187;43127;2788845;-23.548000000000002;-46.636;UBS VILA EDE;R PADRE MARCOS SIMONI;390;VILA EDE;(11)2024596;2203010.0;SP;São Paulo;2016;5
31192;43133;2788985;-23.5322105884545;-46.700928211210794;UBS V IPOJUCA WANDA COELHO DE MORAES;RUA CATAO;01266;VILA ROMANA;(11)36761399;5049000.0;SP;São Paulo;2016;5
31194;43094;2788438;-23.578957199999998;-46.7652083;UBS IACAPE JD PLANALTO;RUA IACAPE;302;PQ STA MADALENA;(11) 2703-1198;3983090.0;SP;São Paulo;2016;5
31195;42853;2765993;-23.635389804839395;-46.6992545127855;UBS CHACARA SANTO ANTONIO DR MARCILIO DE ARRUDA PENTEADO F;RUA ALEXANDRE DUMAS;719;CHACARA STO ANTONIO;(11)51817894;4717000.0;SP;São Paulo;2016;5
31196;43111;2788640;-23.6476743221276;-46.701765060423405;UBS SANTO AMARO DR SERGIO VILLACA BRAGA;RUA CONDE DE ITU;359;SANTO AMARO;(11)5687-3367;4741000.0;SP;São Paulo;2016;5
31199;43131;2788969;-23.52892;-46.5168;UBS VILA GUILHERMINA DOUTOR AMERICO RASPA NETO;RUA JOAO MARCHIORI;59;VILA GUILHERMINA;(11)26852124;3547020.0;SP;São Paulo;2016;5
31203;43115;2788683;-23.5284447669976;-46.6790843009935;UBS V ANGLO JOSE SERRA RIBEIRO;RUA TURIASSU;01765;VILA POMPEIA;(11)38011547;5005001.0;SP;São Paulo;2016;5
31205;43121;2788772;-23.548000000000002;-46.636;AMA UBS INTEGRADA VL CARMOSINA;RUA IPOPOCA;61;ITAQUERA;(11)25247796;8290330.0;SP;São Paulo;2016;5
31207;43068;2787652;-23.567386499999998;-46.57038318211271;UBS JD NITEROI;RUA SAMUEL ARNOLD;596;JARDIM NITEROI;(11)56110122;4434000.0;SP;São Paulo;2016;5
31211;43152;2789280;-23.863774600000003;-46.712540999999995;UBS VARGEM GRANDE;RUA DAS ARARAS;49;VARGEM GRANDE;(011) 5921-2111;4895010.0;SP;São Paulo;2016;5
31215;43029;2787067;-23.73434;-46.66377;UBS GAIVOTAS;AV SAO PAULO;23;JARDIM GAIVOTAS;(11)59326407;4849000.0;SP;São Paulo;2016;5
31218;43142;2789140;-23.4946167469018;-46.685307025908095;AMA UBS INTEGRADA VILA PALMEIRAS;RUA FRANCISCO LOTUFO;24;FREGUESIA DO O;(11)39318242;2727020.0;SP;São Paulo;2016;5
31219;43083;2788152;-23.58449;-46.49183;UBS JD NOVE DE JULHO;SIBALDO LINS;146;SAO MATEUS;(11)20119815;3953100.0;SP;São Paulo;2016;5
31220;43088;2788241;-23.548000000000002;-46.636;AMA UBS INTEGRADA ANHANGUERA;RUA MARCELA ALVES DE CASSIA;175;JARDIM JARAGUA;(11)39048999;5158400.0;SP;São Paulo;2016;5
31222;43028;2787059;-23.5969301;-46.4037234;UBS FERROVIARIOS;RUA GONCALVES NINA;58;CIDADE TIRADENTES;(11)22856477;8470610.0;SP;São Paulo;2016;5
31231;43020;2786745;-23.645725100000003;-46.766591999999996;UBS ALTO DO UMUARAMA;RUA ODEMIS;468;JARDIM UMUARAMA;(11) 55126614;5783180.0;SP;São Paulo;2016;5
31233;43104;2788551;-23.7432789802544;-46.7112708091722;UBS SERGIO CHADDAD;AVENIDA CARLOS OBERHUBER;659;VILA SAO JOSE;(11)59289529;4836130.0;SP;São Paulo;2016;5
31236;43122;2788780;-23.548000000000002;-46.636;UBS VILA CHABILANDIA;ESTRADA DO LAJEADO VELHO;392;LAJEADO;(11)25579571;8451000.0;SP;São Paulo;2016;5
31245;43078;2788055;-23.6448955535882;-46.593189239500596;UBS LUIZ ERNESTO MAZZONI;AV CARLOS LIVIERO;566;VILA LIVIERO;(11)23319624;4186100.0;SP;São Paulo;2016;5
31248;43036;2787180;-23.73431;-46.66082;UBS JD APURA;RUA DR DARI BARCELOS;37;JD APURA;(11)56730001;4470170.0;SP;São Paulo;2016;5
31249;43114;2788675;-23.514164686202303;-46.7206048965441;UBS V ANASTACIO;RUA BARTOLOMEU PAES;686;VILA ANASTACIO;(11)38361146;5092000.0;SP;São Paulo;2016;5
31252;43116;2788705;-23.43299;-46.719840000000005;UBS V APARECIDA;AVENIDA BATISTA MACIEL;430;VILA PORTELA;(11)56129644;4459110.0;SP;São Paulo;2016;5
31253;43092;2788349;-23.533260000000002;-46.72968;UBS PARQUE NOVO MUNDO I;R BENEDITA DORNELAS CLARO;451;PARQUE NOVO MUNDO;(11)29541747;2168020.0;SP;São Paulo;2016;5
31258;43034;2787172;-23.46319;-46.58467;UBS J APUANA;RUA HUM;19;JARDIM APUANA;(11)22405277;2325530.0;SP;São Paulo;2016;5
31259;43095;2788411;-23.61071;-46.60243;UBS STA MADALENA;RUA PALMEIRA BACABA;36;JARDIM ELBA;2702-5919;3980050.0;SP;São Paulo;2016;5
31264;43009;2786761;-23.54309;-46.673359999999995;UBS AUGUSTO LEOPOLDO AYROSA GALVAO;RUA JOAQUINA MARIA DOS SANTOS;198;VILA RICA;(11)38518235;2860110.0;SP;São Paulo;2016;5
31268;43084;2788160;-23.6682583;-46.7351565;UBS NOVO JARDIM I;RUA PHELIPPE DE VITRY;282;J STA JOSEFINA;1158922134;5819080.0;SP;São Paulo;2016;5
31269;43042;2787288;-23.546529999999997;-46.652640000000005;UBS J COIMBRA;ESTRADA DO BOI MIRIM;3301;J COIMBRA;(11)58942191;4905023.0;SP;São Paulo;2016;5
31272;43147;2789191;-23.6176443099969;-46.745882034300394;UBS V PRAIA VITORIO ROLANDO BOCCALETTI;RUA ANDRE DE ANDRADE;S/N;VILA PRAIA;(11)3501-3603;5749240.0;SP;São Paulo;2016;5
31273;43067;2787865;-23.567386499999998;-46.57038318211271;UBS JD STA TEREZINHA;AVENIDA DOS LATINOS;205;JD SANTA TEREZINHA;(11)27211815;3572000.0;SP;São Paulo;2016;5
31275;43148;2789213;-23.476517200469303;-46.7032456397997;UBS VILA PROGRESSO JD MONTE ALEGRE;RUA ANTONIO GENELLE;30;JARDIM MONTE ALEGRE;(11)397512893;2811020.0;SP;São Paulo;2016;5
31278;43030;2787075;-23.5813593864434;-46.4551091194139;UBS GLEBA DO PESSEGO;RUA CONFISSAO;786;GLEBA DO PESSEGO;(11)25218924;8265230.0;SP;São Paulo;2016;5
31285;43129;2788896;-23.57004;-46.54645;UBS V FORMOSA II;PRACA MARQUES DE NAZARE;111;VILA FORMOSA;(11)66745246;3359110.0;SP;São Paulo;2016;5
31287;43027;2787032;-23.5111713409417;-46.5502309799181;UBS ENG TRINDADE;AVENIDA GABRIELA MISTRAL;1168;PENHA DE FRANCA;(11)26416973;3701000.0;SP;São Paulo;2016;5
31288;43076;2788020;-23.61657;-46.48545;UBS FAZENDA DA JUTA II;AVENIDA AUGUSTIN LUBERT;1102;FAZENDA DA JUTA;(11) 20153439;3977000.0;SP;São Paulo;2016;5
31289;43019;2786931;-23.4112;-46.749629999999996;UBS JD DA CONQUISTA I;PERAMIRIM;1;JARDIM DA CONQUISTA;(11)22532723;8340500.0;SP;São Paulo;2016;5
31290;43057;2787571;-23.6559033393853;-46.771202087401;UBS JD MARCELO;RUA GASTAO RAUL FOURTON BOUSQUET;377;JARDIM MARCELO;(11)58258666;5797000.0;SP;São Paulo;2016;5
31292;43124;2788810;-23.567386499999998;-46.57038318211271;UBS VILA DALVA ENG GUILHERME H PINTO COELHO;RUA GUSTAVO BERTHIER;0155;VILA DALVA;(11)37120704;5386110.0;SP;São Paulo;2016;5
31294;43110;2788527;-23.57835;-46.60536;AMA UBS INTEGRADA JD SAO FRANCISCO II;BANDEIRA DE ARACAMBI;704;J RODOLFO PIRANI;(11)27516712;8310010.0;SP;São Paulo;2016;5
31295;43072;2787970;-23.500626800000003;-46.4116784;UBS JARAGUA;RUA DOMINGUES VIDIGAL;97;CURUCA;2569-2027/2963-9276;8160350.0;SP;São Paulo;2016;5
31296;43063;2787733;-23.486580848693198;-46.39286041259629;UBS VILA ITAIM;RUA RIO MANUEL ALVES;182;ITAIM PAULISTA;(11)2581-3737;8190450.0;SP;São Paulo;2016;5
31299;42924;2774771;-23.5869383811944;-46.4066362380968;UBS CIDADE TIRADENTES LUIS MARANHAO;RUA DOS TEXTEIS;512;CIDADE TIRADENTES;(11)22820250;8490600.0;SP;São Paulo;2016;5
31302;43109;2788624;-23.521138429641;-46.3893628120409;UBS STA LUZIA;RUA CONJUNTO DA PAZ;39;JD MIRIAM;(11)25623532;8142360.0;SP;São Paulo;2016;5
31304;43081;2788128;-23.612430095671897;-46.6039395332323;UBS MOINHO VELHO II;RUA BELGRADO;323;MOINHO VELHO;(11) 22741059;4285041.0;SP;São Paulo;2016;5
31308;43054;2787318;-23.54531;-46.65155;UBS J COMERCIAL;RUA COSTA NOVA DO PRADO;92;JARDIM COMERCIAL;(11)58734880;5885190.0;SP;São Paulo;2016;5
31310;42925;2774798;-23.567386499999998;-46.57038318211271;UBS J COPA;RUA PONTE DE LUCENA;330;ITAQUERA;(11)25245020;8270340.0;SP;São Paulo;2016;5
31315;43075;2788004;-23.572701215743297;-46.761202812193496;UBS JOSE MARCILIO MALTA CARDOSO;RUA DR BERNARDO GUERTZENSTEIN;045;RIO PEQUENO;(11)37681569;5381020.0;SP;São Paulo;2016;5
31317;43090;2788292;-23.697971105574897;-46.6483569145189;AMA UBS INTEGRADA PQ DOROTEIA;RUA DOS ANIQUIS;3;JD SANTA TEREZINHA;(11) 5672-7444;4474000.0;SP;São Paulo;2016;5
31325;43099;2788489;-23.61467;-46.41902;UBS RECANTO VERDE DO SOL;R PEDRO RAMAZZANI;98;RECANTO VERDE SOL;(11)27343271;8381800.0;SP;São Paulo;2016;5
31329;43139;2789078;-23.688991069793;-46.6496658325182;AMA UBS INTEGRADA V MISSIONARIA;RUA RAINHA DAS MISSOES;515;VILA MISSIONARIA;(11) 5611-3439;4430010.0;SP;São Paulo;2016;5
31336;43035;2787156;-23.6318063735955;-46.6695356369005;UBS JD AEROPORTO DR MASSAKI UDIHARA;RUA VIEIRA DE MORAIS;1752;CAMPO BELO;(11)5542-9672;4617006.0;SP;São Paulo;2016;5
31344;43044;2787369;-23.546960000000002;-46.51157;UBS J ELIANE;RUA HENRY ARTHUR JONES;201;JARDIM ELIANA;(11)59315240;4851002.0;SP;São Paulo;2016;5
31346;43096;2788446;-23.61071;-46.60243;UBS PQ STA RITA;RUA JOSE PESSOTA;80;PRQ SANTA RITA;(11)2513-7109;8150020.0;SP;São Paulo;2016;5
31347;43149;2789248;-23.52922797203;-46.69526338577129;UBS V ROMANA;RUA VESPASIANO;679;VILA ROMANA;(11)36720911;5044050.0;SP;São Paulo;2016;5
31351;43089;2788268;-23.6327;-46.7351;UBS PARQUE ARARIBA;RUA FRANCISCO SOARES;81;JARDIM INGA;(11) 55115573;5774300.0;SP;São Paulo;2016;5
31352;43100;2788497;-23.58079;-46.629090000000005;UBS REUNIDAS II;ESTRADA CASA GRANDE;1258;VILA UNIAO;(11) 2706-0555;3260000.0;SP;São Paulo;2016;5
31353;43012;2786842;-23.6356896;-46.763344599999996;UBS CAMPO LIMPO;RUA JORGE OZI;211;JARDIM CATANDUVA;(11)58411871;5767450.0;SP;São Paulo;2016;5
31355;43150;2789264;-23.579539999999998;-46.52847;UBS VILA TEREZINHA;RUA DOMINGOS FRANCISCO DE MEDEIROS;70;VILA TEREZINHA;(11)39212380;2854010.0;SP;São Paulo;2016;5
31356;43023;2786982;-23.5168;-46.403290000000005;UBS DOM JOAO NERY;EST DOM JOAO NERY;3260;JARDIM NAZARE;(11)2566-3624;8151000.0;SP;São Paulo;2016;5
31357;43079;2788098;-23.567386499999998;-46.57038318211271;UBS MATA VIRGEM;ESTRADA DA SAUDE;47;ELDORADO;(11)56734455;4476540.0;SP;São Paulo;2016;5
31359;43077;2788039;-23.5128;-46.404309999999995;UBS LARANJEIRAS;RUA DENIS FURTEL;108;LARANJEIRAS;(11) 5673-6181;4476145.0;SP;São Paulo;2016;5
31360;43070;2787946;-23.567386499999998;-46.57038318211271;UBS JARDIM VISTA ALEGRE;RUA IBIRAIARAS;21;BRASILANDIA;(11)39831197;2878080.0;SP;São Paulo;2016;5
31361;43056;2787547;-23.5144;-46.51698;UBS J KERALUX;RUA LUCAS GONCALVES;13;JARDIM KERALUX;(11)2546.6177;3828000.0;SP;São Paulo;2016;5
31362;43066;2787849;-23.50955;-46.398070000000004;UBS J SILVA TELLES;RUA JOSE ALEXANDRE MACHADO;541;ITAIM PAULISTA;2561-8034/2569-1731;8160460.0;SP;São Paulo;2016;5
31364;43098;2788470;-23.6099946498864;-46.7057347297655;UBS REAL PQ PAULO MANGABEIRA ALBERNAZ FILHO;RUA BARAO MELGACO;0339;REAL PARQUE;(11)37582329;5684030.0;SP;São Paulo;2016;5
31369;43005;2786710;-23.498446941375104;-46.677367687224;UBS D ADELAIDE LOPES;AVENIDA CLAVASIO ALVES DA SILVA;683;LIMAO;39368370;2728030.0;SP;São Paulo;2016;5
31370;43062;2787725;-23.49297;-46.445370000000004;UBS JARDIM ROBRU MESSIAS JOSE DA SILVA;RUA JOSE MARIA ALVES DE DEUS;288;SAO MIGUEL PAULISTA;(11)2035-2406;8150350.0;SP;São Paulo;2016;5
31371;43024;2786990;-23.575229999999998;-46.52684;UBS DON LUCIANO BERGAMIM;ESTRADA DA LIGACAO;01;PONTE SECA;(011) 5978-6394;4891360.0;SP;São Paulo;2016;5
31372;42926;2774801;-23.4464657306664;-46.7492508888231;AMA UBS INTEGRADA JARDIM IPANEMA;RUA PEDRO RAVARA;11;JARAGUA;(11)39412119;5187000.0;SP;São Paulo;2016;5
31373;43103;2788306;-23.4776437282555;-46.5685772895799;UBS PQ EDU CHAVES;AV EDU CHAVES;1197;PQ EDU CHAVES;(11)22430052;2229001.0;SP;São Paulo;2016;5
31374;43085;2788187;-23.60803;-46.72282;UBS PARAISOPOLIS;RUA MELCHIOR GIOLA;80;PARAISOPOLIS;(11) 37445223;5664000.0;SP;São Paulo;2016;5
31379;43091;2788330;-23.567386499999998;-46.57038318211271;UBS PQ IMPERIAL MANOEL ANTONIO DA SILVA SARAGOCA;AV CECI;2249;VILA MONTE ALEGRE;(11) 5581-0426;4305000.0;SP;São Paulo;2016;5
31380;43038;2787202;-23.5367488861077;-46.4176011085497;UBS J AURORA;RUA CLAUDIO DA COSTA;54;GUAIANASES;( 11)20351671;8431160.0;SP;São Paulo;2016;5
31381;43118;2788721;-23.5350430011742;-46.536605358122394;UBS V ARICANDUVA;RUA ANTONIO LINDORO DA SILVA;284;VILA ARICANDUVA;(11)22948853;3506000.0;SP;São Paulo;2016;5
31382;43047;2787415;-23.567386499999998;-46.57038318211271;UBS JARDIM GUARANI;RUA SANTANA DO ARACUAI;160;BRASILANDIA;(11)39216385;2849130.0;SP;São Paulo;2016;5
31387;43033;2787121;-23.567386499999998;-46.57038318211271;UBS IGUACU;AV DO ORATORIO;6557;VILA INDUSTRIAL;(11) 2701-7213;3221300.0;SP;São Paulo;2016;5
31390;43071;2787954;-23.5830792;-46.406077;UBS J VITORIA;RUA LAGEDO;123;CIDADE TIRADENTES;(11)29642685;4846650.0;SP;São Paulo;2016;5
31394;43112;2788659;-23.50528;-46.46294;UBS THERSIO VENTURA;RUA ARRAIAL DE SANTA BARBARA;996;CID PEDRO JOSE NUNES;(11)2545-1026;8061360.0;SP;São Paulo;2016;5
31397;43013;2786893;-23.6910939216607;-46.640632152556;UBS CIDADE JULIA;RUA PASCOAL GRIECO;366;CIDADE JULIA;(11)56236669;4421150.0;SP;São Paulo;2016;5
31398;43017;2786915;-23.49297;-46.445370000000004;UBS CIDADE NOVA SAO MIGUEL;AVN MOACIR DANTAS ITAPICURU;1008;SAO MIGUEL PAULISTA;(11)2051-3560;8042212.0;SP;São Paulo;2016;5
31399;43141;2789132;-23.5927641391747;-46.6716814041124;UBS V OLIMPIA MAX PERLMAN;RUA JACQUES FELIX;499;VILA NOVA CONCEICAO;(11)38424849;4509001.0;SP;São Paulo;2016;5
31400;43051;2787466;-23.463318899999997;-46.6958899;UBS JARDIM ICARAI BRASILANDIA DR DANIEL ALVES GRANGEIRO;RUA ALMIR DEHAR;201;BRASILANDIA;(11)39218739;2846000.0;SP;São Paulo;2016;5
31401;43065;2787814;-23.817747831343898;-46.7054986953722;UBS JARDIM SAO NORBERTO;AVENIDA DOMENICO LANZETTI;S/N;SAO NORBERTO;5920-8977/ 5921-6640;4884210.0;SP;São Paulo;2016;5
31403;43032;2787105;-23.567386499999998;-46.57038318211271;UBS HORIZONTE AZUL;RUA ALBERGATI CAPACELLI;2200;HORIZONTE AZUL;(11)55173469;4963000.0;SP;São Paulo;2016;5
31407;43052;2787504;-23.506182432174;-46.5878677368151;UBS JARDIM JAPAO;R SOBRAL JUNIOR;452;VILA MARIA ALTA;(11)69542851;2130020.0;SP;São Paulo;2016;5
31408;43132;2789108;-23.567386499999998;-46.57038318211271;UBS V NOVA GALVAO;RUA ALPHEU LUIZ GASPARINI;116;VILA NOVA GALVAO;(11)22417366;2281110.0;SP;São Paulo;2016;5
31409;43136;2789035;-23.548000000000002;-46.636;UBS VILA MANGALOT;RUA PORTAO PRETO;220;SAO DOMINGOS;(11)39041292;5133004.0;SP;São Paulo;2016;5
31411;43086;2788209;-23.49297;-46.445370000000004;UBS PAULO FELDMAN NITRO OPERARIA;RUA CUMARU;14;SAO MIGUEL PAULISTA;(11)2956-6923;8010380.0;SP;São Paulo;2016;5
31412;43037;2787199;-23.53244;-46.54757;UBS J ARACATI;RUA FRANCISCO HOMEM DE EL REI;87;JARDIM ARACATI;(11) 58961027;4949070.0;SP;São Paulo;2016;5
31413;43015;2786885;-23.548000000000002;-46.636;UBS CHACARA INGLESA;RUA DA LIGACAO;95;CHACARA INGLESA;(11)38345985;5142120.0;SP;São Paulo;2016;5
31415;43058;2787644;-23.69475;-46.77855;UBS J NAKAMURA;RUA MANOEL VITOR DE JESUS;811;JARDIM NAKAMURA;(11)58985555;4942100.0;SP;São Paulo;2016;5
31417;43018;2786923;-23.5364699363702;-46.5034747123705;UBS CID PATRIARCA;RUA FREDERICO BROTERO;22;CIDADE PATRIARCA;(11)29581488;3552080.0;SP;São Paulo;2016;5
31418;43101;2788500;-23.5631954669946;-46.7485427856432;UBS RIO PEQUENO PAULO DE BARROS FRANCA;RUA PADRE FRANCISCO LIBERMANN;0318;RIO PEQUENO;(11)37689460;5353160.0;SP;São Paulo;2016;5
31419;43045;2787385;-23.53415;-46.39419;UBS J FANGANIELLO;RUA FRANCISCO NUNES CUBAS;60;LAJEADO;(11)25576698;8450460.0;SP;São Paulo;2016;5
31424;43080;2788101;-23.59451;-46.68464;UBS MILTON SANTOS;AV CECI;2249;PLANALTO PAULISTA;(11) 5581-0426;4065004.0;SP;São Paulo;2016;5
31425;42927;2774828;-23.518520593642503;-46.4924669265734;AMA UBS INTEGRADA J TRES MARIAS MAURICIO ZAMIJOVSKY;RUA BRENO ACCIOLI;19;VILA SAO FRANCISCO;(11)2280.4388;3676040.0;SP;São Paulo;2016;5
31427;43016;2786907;-23.554215431212697;-46.4652800559984;AMA UBS INTEGRADA CIDADE LIDER I;AV DR FRANCISCO MUNHOZ FILHO;379;CIDADE LIDER;(11)27411563;8280000.0;SP;São Paulo;2016;5
31431;43138;2789051;-23.492642641066798;-46.585185527800206;AMA UBS INTEGRADA VILA MEDEIROS;R EURICO SODRE;353;VILA MEDEIROS;(11)29815578;2215010.0;SP;São Paulo;2016;5
31435;43108;2788616;-23.58598;-46.766709999999996;UBS STA LUCIA;RUA CARMELO CALI;026;VILA SANTA LUCIA;(11)58985400;4940070.0;SP;São Paulo;2016;5
31438;43106;2788586;-23.567386499999998;-46.57038318211271;UBS SILMARYA REJANE MARCOLINO SOUZA;RUA EUVALDO AUGUSTO FREIRE;20;BRASILANDIA;(11)39231520;2855030.0;SP;São Paulo;2016;5
31441;42923;2774763;-23.6301233;-46.7733128;UBS ARRASTAO FRANCISCO SCALAMANDRE SOBRINHO;RUA DOUTOR JOVIANO PACHECO AGUIRRE;255;CAMPO LIMPO;(11) 58412654;5788290.0;SP;São Paulo;2016;5
31447;43069;2787962;-23.548000000000002;-46.636;UBS JACANA;RUA SAO GERALDINO;222;V CONSTANCIA;(11)22400065;2258220.0;SP;São Paulo;2016;5
31448;43040;2787237;-23.50028;-46.4141557;UBS J CAMPOS;RUA CRESCENTE;97;ITAIM PAULISTA;2035-4922/3808-2655;8160080.0;SP;São Paulo;2016;5
31449;43061;2787717;-23.5246038436883;-46.4179229736315;UBS J ROBRU GUAIANAZES;AV NORDESTINA;5593;GUAIANAZES;(11)20351860;8431410.0;SP;São Paulo;2016;5
31450;43119;2788748;-23.6806762218468;-46.6863369941698;UBS V ARRIETE DECIO PACHECO PEDROSO;RUA JULIETA DE ARAUJO ALMEIDA;44;JAD ARAUJO ALMEIDA;(11)5611 4046;4445010.0;SP;São Paulo;2016;5
31458;43025;2787008;-23.567386499999998;-46.57038318211271;UBS DOMINGOS MANTELLI;RUA POVOADO DO RIO NOVO;1778;PIRITUBA;(11)39743829;2956020.0;SP;São Paulo;2016;5
31460;43043;2787296;-23.548000000000002;-46.636;UBS JARDIM COLONIAL;JOSE RODRIGUES SANTAREN AV;0464;JARDIM COLONIAL;(11)29190554;3968010.0;SP;São Paulo;2016;5
31462;43107;2788608;-23.567386499999998;-46.57038318211271;UBS STA INES;RUA FREI FIDELIS MOTA;1001;PRQ CRUZEIRO DO SUL;(11)2297-9669;8070130.0;SP;São Paulo;2016;5
31467;43073;2787989;-23.50955;-46.398070000000004;UBS J INDAIA;RUA ANTONIO LEME DA GUERRA;182;ITAIM PAULISTA;(11)2561-7904;8141130.0;SP;São Paulo;2016;5
31469;42854;2766019;-23.5300863;-46.397169700000006;UBS PRIMEIRO DE OUTUBRO;TRAVESSA ACUCENA DO BREJO;16;VILA LOURDES;(11)20358010;8452590.0;SP;São Paulo;2016;5
31471;43055;2787539;-23.66938;-46.74;UBS J KAGOHARA;RUA DOS TEMAS;25;JARDIM KAGOHARA;(11) 58985353;4938000.0;SP;São Paulo;2016;5
31473;43082;2788136;-23.548000000000002;-46.636;UBS MOINHO VELHO;PRACA DOMINGOS COELHO;5;PIRITUBA;(11)39767601;2933180.0;SP;São Paulo;2016;5
31476;43151;2789272;-23.548000000000002;-46.636;UBS VILA ZATT;RUA MONSENHOR MANOEL GOMES;77;VILA ZATT;(11)39752116;2975120.0;SP;São Paulo;2016;5
31477;43156;2789299;-23.65275;-46.60556;UBS VARGINHA;R HENRIQUE MUZZIO;383;VARGINHA;(11)55272709;4857040.0;SP;São Paulo;2016;5
31481;43143;2789159;-23.546789999999998;-46.6888;UBS FATIMA DE JESUS VIANA ROSA;RUA URUPEVA;219;VILA PENTEADO;(11)38518201;2866080.0;SP;São Paulo;2016;5
31482;43130;2788926;-23.548000000000002;-46.636;UBS V GRANADA ALFREDO F PAULINO FILHO;R MADALENA JULIA;60;VILA GRANADA;(11)29571194;3660010.0;SP;São Paulo;2016;5
31483;43097;2788454;-23.567386499999998;-46.57038318211271;AMA UBS INTEGRADA PQ STO ANTONIO;RUA MANOEL BORDALO PINHEIRO;100;PARQUE SANTO ANTONIO;(11)55114249;5850230.0;SP;São Paulo;2016;5
31486;43144;2789167;-23.548000000000002;-46.636;AMA UBS INTEGRADA VILA PEREIRA BARRETO;RUA DOM MANOEL D EL BOUK;76;JARDIM SAO JOSE;(11)39778098;2932110.0;SP;São Paulo;2016;5
31487;43048;2787423;-23.567386499999998;-46.57038318211271;UBS J GUARUJA;RUA JOAO DE ALMADA;25;J GUARUJA;(11)58735089;5875300.0;SP;São Paulo;2016;5
31489;43041;2787261;-23.6356896;-46.763344599999996;UBS JARDIM CIDADE PIRITUBA;RUA COMENDADOR FEIZ ZARZUR;640;JARDIM CIDADE PIRITU;(11)39748210;2942000.0;SP;São Paulo;2016;5
31490;43155;2789205;-23.64852;-46.75611;AMA UBS INTEGRADA VILA PREL ANTONIO BERNARDES DE OLIVEIRA;RUA THEREZA MAIA PINTO;11;VILA PREL;(11) 55111630;5780390.0;SP;São Paulo;2016;5
31499;43039;2787229;-23.7716138362878;-46.712751388548405;UBS JARDIM CAMPINAS;RUA DAS PLEIADES;S/N;JARDIM MARIA AMALIA;5527-3460/5527-2000;4858550.0;SP;São Paulo;2016;5
31500;43026;2787024;-23.567386499999998;-46.57038318211271;AMA UBS INTEGRADA ELISIO TEIXEIRA LEITE;RUA JOAO AMADO COUTINHO;400;JARAGUA;(11)3972-0333;2815000.0;SP;São Paulo;2016;5
31501;43093;2788365;-23.51705;-46.56763;AMA UBS INTEGRADA PQ NOVO STO AMARO;RUA PORTA DO PRADO;18;PQ NOVO STO AMARO;(11)58311448;5874130.0;SP;São Paulo;2016;5
31503;43006;2786729;-23.520985;-46.4734378;UBS AE CARVALHO;RUA JAPANI;7;CIDADE AE CARVALHO;(11)22802373;8220130.0;SP;São Paulo;2016;5
31506;43049;2787431;-23.548000000000002;-46.636;UBS J HELIAN;RUA CARMEM CARDOSO BORDINI;184;JARDIM HELIAN;(11)25217615;8265090.0;SP;São Paulo;2016;5
31509;43053;2787512;-23.5947811603539;-46.7516541481005;UBS JD JAQUELINE;RUA BONIFACIO VERONESE;010;JARDIM JAQUELINE;(11)37511665;5529060.0;SP;São Paulo;2016;5
31511;43010;2786788;-23.54309;-46.673359999999995;UBS BARRO BRANCO;RUA EDUARDO REUTER;678;COHAB BARRO BRANCO I;(11)29648826;8473533.0;SP;São Paulo;2016;5
31514;43105;2788578;-23.604394197463304;-46.6545152664171;UBS INDIANOPOLIS SIGMUND FREUD;AV INDIANOPOLIS;650;INDIANOPOLIS;(11) 50542851;4062001.0;SP;São Paulo;2016;5
31515;43074;2787997;-23.567386499999998;-46.57038318211271;UBS JORDANOPOLIS;RUA JANGADA NOVA;75;JORDANOPOLIS;(11)59736400;4830200.0;SP;São Paulo;2016;5
31519;43014;2786877;-23.5791492462151;-46.715176105497896;UBS CAXINGUI NANCI ABRANCHES;RUA LADISLAU ROMAN;0410;CAXINGUI;(11) 37224686;5515030.0;SP;São Paulo;2016;5
31520;43128;2788861;-23.527178764342604;-46.528129577635404;UBS V ESPERANCA DR CASSIO BITTENCOURT FILHO;RUA MARIA CARLOTA;631;VILA ESPERANCA;(11)29576630;3647000.0;SP;São Paulo;2016;5
31523;43140;2789124;-23.606820000000003;-46.53132;UBS V NOVA YORK;R DR EDGARD MAGALHAES NORONHA;200;VILA NOVA YORK;(11)67212707;3480000.0;SP;São Paulo;2016;5
31551;43378;3016935;-23.567386499999998;-46.57038318211271;UBS JARDIM BANDEIRANTES;RUA PACHECO ARANHA;04;GUAIANASES;(11)25575273;8450410.0;SP;São Paulo;2016;5
31578;43319;3004341;-23.567386499999998;-46.57038318211271;UBS STO ESTEVAO CARMOSINA;RUA CACHOEIRA DA ILHA;355;ITAQUERA;(11)25230577;8270110.0;SP;São Paulo;2016;5
31651;43530;3074544;-23.567386499999998;-46.57038318211271;UBS JD SAO CARLOS CIDADE ADEMAR;RUA CLAUDIA MUZIO;163;J SAO CARLOS;(11)56219200;4429280.0;SP;São Paulo;2016;5
31730;43282;2819856;-23.49297;-46.445370000000004;UBS UNIAO DE VILA NOVA;RUA RIO CINCO VOLTAS;205;SAO MIGUEL PAULISTA;(11)2037-7779;8072180.0;SP;São Paulo;2016;5
31731;43298;2825767;-23.567386499999998;-46.57038318211271;UBS J STA MARGARIDA;RUA CAPAO REDONDO;175;J STA MARGARIDA;(11)58925799;4931100.0;SP;São Paulo;2016;5
31828;43275;2815451;-23.6761789;-46.7500771;AMA UBS INTEGRADA PQ FIGUEIRA GRANDE;RUA DANIEL KLEIN;211;PQ FIGUEIRA GRANDE;(11)55146609;4915170.0;SP;São Paulo;2016;5
31840;43491;3049213;-23.567386499999998;-46.57038318211271;UBS CHACARA STA MARIA;RUA CICLADES;250;CHACARA SANTA MARIA;(11) 51806060;5876040.0;SP;São Paulo;2016;5
31846;43309;3002543;-23.55773;-46.6465;UBS J PARANAPANEMA;RUA PIETRO DA MILANO;100;VILA SANTO AMARO;(11) 58334282;5875360.0;SP;São Paulo;2016;5
31860;43314;3002926;-23.56462;-46.39715;UBS PREF CELSO AUGUSTO DANIEL;RUA JORGE MARACCINI PONFILIO;210;COHAB JUSCELINO;(11)25567997;8465050.0;SP;São Paulo;2016;5
31871;43555;3105504;-23.4067;-46.7554;UBS RECANTO DOS HUMILDES;RUA PAVAO;36;PERUS;(11)39175870;5210000.0;SP;São Paulo;2016;5
31909;43560;3121135;-23.58308;-46.406079999999996;UBS GRAFICOS;RUA FRANCISCO JOSE VIANA;708;CIDADE TIRADENTES;(11)22855685;8471530.0;SP;São Paulo;2016;5
31911;43274;2815273;-23.459;-46.58664;UBS ZUMBI DOS PALMARES;R HUMBERTO DE ALMEIDA;279;CHACARA SANTANA;(11)58972564;5831000.0;SP;São Paulo;2016;5
31933;43997;3614948;-23.56152;-46.656009999999995;UBS LUAR DO SERTAO;RUA LUAR DO SERTAO;980;CHACARA STA MARIA;( 11) 58719484;5879450.0;SP;São Paulo;2016;5
32048;43893;3503488;-23.537821769713698;-46.7223429679857;UBS ALTO DE PINHEIROS;AVN QUEIROZ FILHO;0313;V LE0POLDINA;30227074;5319000.0;SP;São Paulo;2016;5
32106;43713;3323331;-23.4192359447472;-46.59046411514149;UBS JARDIM DAS PEDRAS;RUA CLOVIS SALGADO;220;JARDIM DAS PEDRAS;(11)29922494;2267020.0;SP;São Paulo;2016;5
32151;43763;3385264;-23.60455;-46.5937;UBS ALMIRANTE DELAMARE;RUA ALMIRANTE MARIATH;62;HELIOPOLIS;(11)2062-8018;4218040.0;SP;São Paulo;2016;5
32175;43631;3219887;-23.49796;-46.42624;UBS CDHU PALANQUE;RUA PONTE DA AMIZADE;02;JARDIM PALANQUE;1127362573;8375000.0;SP;São Paulo;2016;5
32252;43847;3469042;-23.55842;-46.64134;UBS SANTO ELIAS;RUA FABIO DE ALMEDIA MAGALHAES;494;JD SANTO ELIAS;(11)39040016;5135370.0;SP;São Paulo;2016;5
32260;43833;3452689;-23.6745071411126;-46.6867017745958;UBS CAMPO GRANDE;RUA LIBANIO;13;CAMPO GRANDE;(11)56313181;4679430.0;SP;São Paulo;2016;5
32296;43630;3219771;-23.56693;-46.65417;UBS JD DA CONQUISTA II;TRAV SOMOS TODOS IGUAIS;0915;JARDIM DA CONQUISTA;(11)2253-9547;8343000.0;SP;São Paulo;2016;5
32411;44254;3956954;-23.567386499999998;-46.57038318211271;UBS PARAISOPOLIS II;RUA PASQUALE GUALUPI;951;PARAISOPOLIS;(11) 35019031;5660000.0;SP;São Paulo;2016;5
32429;44398;4049942;-23.5477244853967;-46.430454254149;UBS JD SAO PEDRO FRANCISCO ANTONIO CESARONI;RUA SILVIANOPOLIS;370;JARDIM SAO PEDRO;(11)25578938;8420680.0;SP;São Paulo;2016;5
32499;44059;3708411;-23.51016;-46.74613;AMA UBS INTEGRADA VILA CLARA;RUA ROLANDO CURTI;701;VILA CLARA;0XX11 5623-6883;4414000.0;SP;São Paulo;2016;5
32500;44397;4049934;-23.47948;-46.42194;AMA UBS INTEGRADA JARDIM HELENA;AVENIDA KUMAKI AOKI;785;JARDIM HELENA;(11)2581-1661;8090370.0;SP;São Paulo;2016;5
32509;44072;3738604;-23.567386499999998;-46.57038318211271;AMA UBS INTEGRADA PARQUE MARIA DOMITILA;AVENIDA DO ANASTACIO;2421;PQ MARIA DOMITILA;1139034825;5119000.0;SP;São Paulo;2016;5
32518;44253;3956946;-23.567386499999998;-46.57038318211271;UBS JARDIM OLINDA;RUA CANORI;190;JARDIM OLINDA;(11) 58461788;5765170.0;SP;São Paulo;2016;5
32563;44092;3762831;-23.567386499999998;-46.57038318211271;UBS VILA CALU;ESTRADA DO M BOI MIRIM;10416;VILA CALU;(11) 55171139;4948030.0;SP;São Paulo;2016;5
32571;44395;4049853;-23.6260879039758;-46.4695501327501;UBS PQ SAO RAFAEL DR ORA ROSEN;RUA DOUTOR ARISTIDES RICARDO;313;PARQUE SAO RAFAEL;(11)29195006;8311270.0;SP;São Paulo;2016;5
32604;44394;4049810;-23.567386499999998;-46.57038318211271;UBS V DAS BELEZAS ALBERTO AMBROSIO;RUA TTE ISAIAS BRANCO DE ARAUJO;101;VILA DAS BELEZAS;(11)55114712;5841150.0;SP;São Paulo;2016;5
32607;44018;3651762;-23.43381;-46.79117;UBS MORRO DOCE;RUA ALBERTO CALIX;55;MORRO DOCE;(11) 39111756;5267030.0;SP;São Paulo;2016;5
32616;44019;3651770;-23.43381;-46.79117;UBS JARDIM ROSINHA;RUA DALVA DE OLIVEIRA;82;MORRO DOCE;1139164100;5274001.0;SP;São Paulo;2016;5
32618;44027;3661660;-23.58308;-46.406079999999996;UBS INACIO MONTEIRO;RUA INACIO MONTEIRO;3002;CIDADE TIRADENTES;25556455;8490000.0;SP;São Paulo;2016;5
32622;44071;3738582;-23.567386499999998;-46.57038318211271;AMA UBS INTEGRADA CITY JARAGUA;ESTRADA DE TAIPAS;1648;JARAGUA;11-3947-2690;2991000.0;SP;São Paulo;2016;5
32625;44396;4049861;-23.567386499999998;-46.57038318211271;UBS J SOUZA;RUA MARIA JOSE DE SOUZA;190;JARDIM SOUZA;(11) 55146430;4917080.0;SP;São Paulo;2016;5
32637;44028;3661741;-23.567386499999998;-46.57038318211271;UBS NOVO CAMINHO;RUA ANTONIO DA MATA JUNIOR;943;J SAO LUIS;(11) 58519026;5812030.0;SP;São Paulo;2016;5
32658;44041;3689247;-23.8041;-46.71066;UBS JARDIM IPORA;RUA FORTE DE VILA BELA;29;JARDIM IPORA;;4865170.0;SP;São Paulo;2016;5
32668;44285;3992101;-23.567386499999998;-46.57038318211271;UBS CHACARA DO CONDE;RUA CONSTELACAO DO ESQUADRO;05;J CAMPINAS;(11) 59386611;4858010.0;SP;São Paulo;2016;5
32673;44399;4049950;-23.553485870360603;-46.44472360610829;UBS JOSE BONIFACIO II;RUA MURMURIOS DA TARDE;30;COHAB JOSE BONIFACIO;(11)25211226;8253580.0;SP;São Paulo;2016;5
32699;44073;3738663;-23.564997911452604;-46.4184594154344;AMA UBS INTEGRADA FAZENDA DO CARMO;RUA FRANCISCO CARDOSO JUNIOR;10;CIDADE TIRADENTES;(11)25182152;8421105.0;SP;São Paulo;2016;5
32714;44074;3738647;-23.6085891723626;-46.452577114103896;AMA UBS INTEGRADA JD DA CONQUISTA III;TV AV SOMOS TODOS IGUAIS;330;JD DA CONQUISTA;27367092;8343000.0;SP;São Paulo;2016;5
32725;44417;4050185;-23.567386499999998;-46.57038318211271;AMA UBS INTEGRADA J ALFREDO;RUA DINAR;51;JARDIM ALFREDO;(11)55146355;4913120.0;SP;São Paulo;2016;5
32726;44405;4049993;-23.517640829085604;-46.5060067176805;AMA UBS INTEGRADA J POPULAR DR MATHEUS SANTAMARIA;AV JAIME TORRES;600;JARDIM POPULAR;(11)2791.6421;3670000.0;SP;São Paulo;2016;5
32731;44411;4050061;-23.567386499999998;-46.57038318211271;UBS RIO CLARO;CINIRA POLONIO RUA;33;JD RIO CLARO;(11)22534307;8395320.0;SP;São Paulo;2016;5
32807;44415;4050134;-23.567386499999998;-46.57038318211271;UBS J N SRA DO CARMO;RUA VERISSIMO DA SILVA;723;JD N SRA DO CARMO;(11)27485103;8275270.0;SP;São Paulo;2016;5
32855;44419;4050215;-23.567386499999998;-46.57038318211271;UBS V SANTANA;RUA VITOR JOSE DE CASTRO;084;VILA SANTANA;(11)20513962;8240300.0;SP;São Paulo;2016;5
32913;44408;4050029;-23.5303008556359;-46.459143161772296;UBS V REGINA;RUA CATARINA LOPES;450;ITAQUERA;(11)22056003;8225000.0;SP;São Paulo;2016;5
32918;44414;4050126;-23.567386499999998;-46.57038318211271;UBS V RAMOS DR LUIS AUGUSTO DE CAMPOS;AVN AUGUSTO ANTUNES;1631;LIMOEIRO;(11)20526945;8235630.0;SP;São Paulo;2016;5
32925;44410;4050053;-23.567386499999998;-46.57038318211271;UBS CHACARA SANTANA;RUA BALTAZAR DE SA;383;CHACARA SANTANA;(11) 55146448;5831030.0;SP;São Paulo;2016;5
32926;44407;4050010;-23.545675277709304;-46.415712833403205;UBS GUAIANASES II;RUA COMANDANTE CARLOS RUHL;189;GUAIANASES;(11)25544064;8410120.0;SP;São Paulo;2016;5
32962;44409;4050045;-23.567386499999998;-46.57038318211271;UBS J SOARES;RUA FELICIANO DE MENDONCA;496;JARDIM SOARES;(11)25577022;8460365.0;SP;São Paulo;2016;5
32990;44558;5120780;-23.567386499999998;-46.57038318211271;UBS J LOURDES;AV ENG ARMANDO DE ARRUDA PEREIRA;4004;JABAQUARA;11 50213432;4325000.0;SP;São Paulo;2016;5
32991;44404;4049985;-23.4686207771294;-46.6034030914293;AMA UBS INTEGRADA WAMBERTO DIAS DA COSTA;RUA PAULO CESAR;60;JARDIM TREMEMBE;(11)2203-8992;2311240.0;SP;São Paulo;2016;5
33000;44406;4050002;-23.4972544;-46.4891933;UBS PEDRO DE SOUZA CAMPOS;RUA PAULO BIFANO ALVES;764;PARQUE BUTURUSSU;(11)2546-4111;3801000.0;SP;São Paulo;2016;5
33045;44413;4050118;-23.567386499999998;-46.57038318211271;UBS J THOMAS;RUA AUDALIO GONCALVES DOS SANTOS;158;JARDIM THOMAS;(11)55140345;5833040.0;SP;São Paulo;2016;5
33047;44418;4050207;-23.567386499999998;-46.57038318211271;UBS V NOVA CURUCA;RUA NARCEJA;51;SAO MIGUEL PAULISTA;(11)2035-2292;8032340.0;SP;São Paulo;2016;5
33072;44403;4049977;-23.567386499999998;-46.57038318211271;UBS CRUZ DAS ALMAS;RUA PADRE FELICIANO DOMINGUES;90;FREGUESIA DO O;(11)39753531;2965140.0;SP;São Paulo;2016;5
33075;44420;4050347;-23.567386499999998;-46.57038318211271;UBS CARLOS GENTILE DE MELO;AVN DOS TEXTEIS;3765;CIDADE TIRADENTES;(11)29648081;8490600.0;SP;São Paulo;2016;5
33077;44421;4050398;-23.567386499999998;-46.57038318211271;UBS PASTORAL;RUA BOLEADEIRAS;127;PQ STA MADALENA;2702-5889;3980120.0;SP;São Paulo;2016;5
33085;44416;4050177;-23.5809838771813;-46.40434026718;AMA UBS INTEGRADA CASTRO ALVES;RUA CADERNO DE VIAGEM;55;CASTRO ALVES;(11)22820320;8474170.0;SP;São Paulo;2016;5
33093;44412;4050088;-23.548000000000002;-46.636;AMA UBS INTEGRADA JD BRASILIA;AV OSVALDO DO VALLE CORDEIRO;245;JD BRASILIA;(11)27416938;3584000.0;SP;São Paulo;2016;5
33096;44402;4049969;-23.548000000000002;-46.636;UBS PREFEITO PRESTES MAIA;RUA INACIO PINTO LIMA;35;CIDADE TIRADENTES;(11)2555-5587;8490020.0;SP;São Paulo;2016;5
33120;44522;5079454;-23.567386499999998;-46.57038318211271;UBS J CELESTE;RUA JOAO FERNANDES CAMISA NOVA JUNIOR;865;J CELESTE;11 - 58123738;5844000.0;SP;São Paulo;2016;5
33157;45028;5695813;-23.567386499999998;-46.57038318211271;UBS J MARACA;R FERES BECHARA;506;JARDIM MARACA;;5867390.0;SP;São Paulo;2016;5
33251;44973;5621267;-23.567386499999998;-46.57038318211271;UBS J FLOR DE MAIO;AV NOVA PAULISTA;561;J FLOR DE MAIO;(11)35984199;2363000.0;SP;São Paulo;2016;5
33282;44972;5620341;-23.567386499999998;-46.57038318211271;UBS J MAGDALENA;RUA VITORINO PALHARES;221;J MAGDALENA;;5890320.0;SP;São Paulo;2016;5
33310;45071;5743583;-23.567386499999998;-46.57038318211271;UBS CIDADE IPAVA;AV TAQUANDAVA;31;CIDADE IPAVA;(11)5898-5300;4950000.0;SP;São Paulo;2016;5
33519;44846;5479517;-23.567386499999998;-46.57038318211271;UBS V CARIOCA;RUA ANTONIO FREDERICO;117;VILA INDEPENDENCIA;2273 9707;4224030.0;SP;São Paulo;2016;5
33533;45436;6269567;-23.567386499999998;-46.57038318211271;UBS ATUALPA GIRAO RABELO;RUA ILHA DO ARVOREDO;10;VL MORGADOURO;29632634;8140270.0;SP;São Paulo;2016;5
33558;45258;6018939;-23.567386499999998;-46.57038318211271;UBS COLONIA;RUA NOSSA SENHORA APARECIDA;342;COLONIA PAULISTA;(011) 5977-3269;4892230.0;SP;São Paulo;2016;5
33574;45217;5975220;-23.5497347;-46.6289618;UBS SE;RUA FREDERICO ALVARENGA;259;PARQUE DOM PEDRO;(11) 31013013;1020030.0;SP;São Paulo;2016;5
33599;45310;6090621;-23.547415100000002;-46.638254100000005;UBS REPUBLICA;RUA LIBERO BADARO;282;CENTRO;31010997;1008000.0;SP;São Paulo;2016;5
33641;45441;6280188;-23.7798428535455;-46.6741061210619;UBS CHACARA DO SOL;RUA JOAO CARLOS DE OLIVEIRA;3;CHACARA DO SOL;1159314151;4855515.0;SP;São Paulo;2016;5
33642;45515;6332420;-23.567386499999998;-46.57038318211271;UBS BARRAGEM;RUA TRES;02;BARRAGEM;5977-3212/ 5977-2182;4877110.0;SP;São Paulo;2016;5
33662;45287;6039111;-23.567386499999998;-46.57038318211271;UBS JARDIM HELGA;RUA THOMAS DE ARAUJO;53;JD HELGA;(11) 58422956;5794380.0;SP;São Paulo;2016;5
33677;45517;6332447;-23.567386499999998;-46.57038318211271;UBS JARDIM SANTA FE;RUA CONDE DE LANCASTRE;214;JARDIM SANTA FE;5921-9504;4890290.0;SP;São Paulo;2016;5
33714;45365;6194990;-23.567386499999998;-46.57038318211271;AMA UBS INTEGRADA CHACARA CRUZEIRO DO SUL ZELIA L M DORO;RUA MERCEDES LOPES;969;VILA SANTANA;(11)26415130;3614000.0;SP;São Paulo;2016;5
33732;45518;6332501;-23.567386499999998;-46.57038318211271;UBS VILA MARCELO;RUA AMADO BENEDITO VILAS BOAS;616;VILA MARCELO;5979-8972/ 5922-3576;4866000.0;SP;São Paulo;2016;5
33739;45339;6165516;-23.567386499999998;-46.57038318211271;UBS VILA CAMPESTRE;R ARTUR MENDES DA SILVA;206;VILA CAMPESTRE;;4332080.0;SP;São Paulo;2016;5
33742;45556;6365817;-23.567386499999998;-46.57038318211271;UBS J ELEDY;RUA SEBASTIAO ADVINCULA CUNHA;470;JD ELEDY;5823-4937;5856140.0;SP;São Paulo;2016;5
33747;45443;6283616;-23.4870421886437;-46.4329218864427;AMA UBS INTEGRADA PARQUE PAULISTANO;RUA SILVEIRA PIRES;265;PARQUE PAULISTANO;(011)2025-9469;8080160.0;SP;São Paulo;2016;5
33761;45309;6090591;-23.567386499999998;-46.57038318211271;UBS CHACARA SANTO AMARO;RUA LUIZ CARLOS DE ALMEIDA;51;CHACARA SANTO AMARO;(11)5974-9922;4875120.0;SP;São Paulo;2016;5
33785;45520;6332471;-23.567386499999998;-46.57038318211271;UBS MARSILAC;ESTRADA ENGENHEIRO MARSILAC;14487;MARSILAC;5975-2281;4891000.0;SP;São Paulo;2016;5
33796;45512;6329527;-23.567386499999998;-46.57038318211271;UBS JARDIM DAS PALMAS;RUA FRANCISCO SALES;10;JARDIM DAS PALMAS;(11) 58438340;5749280.0;SP;São Paulo;2016;5
33812;45522;6332528;-23.567386499999998;-46.57038318211271;UBS VILA ROSCHEL;RUA ALICE BASTIDE;290;VILA ROSCHEL;5920-2604;4891140.0;SP;São Paulo;2016;5
33826;45232;5992842;-23.663531541823698;-46.7627048492418;UBS PARQUE MARIA HELENA;RUA BENEDITO MATARAZZO;371;PARQUE MARIA HELENA;55108380;5854090.0;SP;São Paulo;2016;5
33849;45366;6195008;-23.567386499999998;-46.57038318211271;UBS J MACEDONIA;RUA SORIANO DE ALBUQUERQUE;77;JARDIM MACEDONIA;(11)58247707;5894440.0;SP;São Paulo;2016;5
33869;45516;6332439;-23.567386499999998;-46.57038318211271;UBS JARDIM DAS FONTES;RUA MABEL NORMANDO;122;JARDIM DAS FONTES;5975-4221;4891000.0;SP;São Paulo;2016;5
33876;45575;6380417;-23.567386499999998;-46.57038318211271;UBS J VALQUIRIA;AV CARLOS LACERDA;3093;JD VALQUIRIA;;5789001.0;SP;São Paulo;2016;5
33889;45519;6332463;-23.567386499999998;-46.57038318211271;UBS JARDIM SILVEIRA;RUA BONIFACIO ASIOLI;162;SILVEIRA;5921-5294;4889000.0;SP;São Paulo;2016;5
33892;45257;6018912;-23.567386499999998;-46.57038318211271;UBS JARDIM EMBURA;ESTRADA BENEDITO SCHUNCK;08;JARDIM EMBURA;5975-2192/ 5975-2153;4893050.0;SP;São Paulo;2016;5
33921;45521;6332498;-23.567386499999998;-46.57038318211271;UBS NOVA AMERICA;RUA EDUARDO COLLIER FILHO;14;CIDADE NOVA AMERICA;5977-3507/ 5977-0031;4895020.0;SP;São Paulo;2016;5
33974;45823;6592899;-23.4913337230676;-46.5045690536486;AMA UBS INTEGRADA VILA SILVIA;RUA BELEM SANTOS;222;VILA SILVIA;2545-6838;3821170.0;SP;São Paulo;2016;5
34048;45602;6408168;-23.5223615169518;-46.46922826766829;AMA UBS INTEGRADA AGUIA DE HAIA;RUA TANTAS PALAVRAS;59;CIDADE A E CARVALHO;37563264;8223510.0;SP;São Paulo;2016;5
34254;45783;6564410;-23.617022037505397;-46.71989679336411;UBS PARAISOPOLIS III;RUA SILVEIRA SAMPAIO;660;JARDIM MORUMBI;(11) 37421323;5656010.0;SP;São Paulo;2016;5
34337;46119;6822991;-23.774703741072898;-46.7012715339647;UBS J NOVO HORIZONTE;RUA CARUANENSE;186;JARDIM NOVO HORIZONT;59382208;4857300.0;SP;São Paulo;2016;5
34471;46188;6873286;-23.487707376479396;-46.449229717253296;UBS JARDIM LAPENNA;RUA SERRA DA JURUOCA;367;SAO MIGUEL PAULISTA;20583722;8071180.0;SP;São Paulo;2016;5
34474;46354;6998186;-23.7638676166528;-46.7075586318956;UBS VILA NATAL;AVENIDA PROFESSORA MARTA MARIA BERNARDES;246;VILA NATAL;(11) 5527-4071;4863000.0;SP;São Paulo;2016;5
34611;46194;6879810;-23.53969;-46.49641;UBS NOVA ESPERANCA PAULISTANO II;RUA MIRACI DIAMANTE;94;JD PAULISTANO II;(11)39725526;2812220.0;SP;São Paulo;2016;5
34707;46512;2042975;-23.57068;-46.61125;UBS OSWALDO MARASCA JUNIOR;AV D PEDRO I;594;IPIRANGA;(11)22728619;1552000.0;SP;São Paulo;2016;5
34920;46500;2027453;-23.71242;-46.71025;CECCO INTERLAGOS;AVENIDA ATLANTICA;4988;INTERLAGOS;(11)56667166;4805000.0;SP;São Paulo;2016;5
34933;46567;2091321;-23.55226;-46.67541;CS SES GERALDO DE PAULA SOUZA;AV DR ARNALDO;925;PACAEMBU;(11)30851134;1255000.0;SP;São Paulo;2016;5
35069;46499;2027267;-23.66581;-46.77502;CECCO SANTO DIAS;TRV JASMIM DA BEIRADA;71;CONJUNTO HABITACIONA;(11)58212220;5868580.0;SP;São Paulo;2016;5
35557;47567;2788071;-23.473489999999998;-46.68616;UBS MARIA CECILIA DONNANGELO;RUA RUI DE MORAES APOCALIPSE;02;BRASILANDIA;(11)39217759;2842260.0;SP;São Paulo;2016;5
35621;47514;2752298;-23.58745;-46.49199;UBS J TIETE II;AUGUSTO FERREIRA RAMOS RUA;9;JARDIM TIETE;(11)20170093;3947030.0;SP;São Paulo;2016;5
35623;47515;2752344;-23.57069;-46.57608;UBS V BERTIOGA DOMINGOS DELASCIO CEO TIPO II;RUA FAROL PAULISTANO;410;ALTO DA MOOCA;(11)69651066;3192060.0;SP;São Paulo;2016;5
35638;47565;2787598;-23.60375;-46.6233;UBS PROF JANDIRA MASSUR V GUMERCINDO;RUA DOM LUCIO DE SOUZA;372;VILA GUMERCINDO;(11)5062-72332;4129040.0;SP;São Paulo;2016;5
35657;47569;2788918;-23.55871;-46.553059999999995;UBS V FORMOSA I DR ANTONIO DA SILVEIRA E OLIVEIRA;RUA ACURUI;720;VILA FORMOSA;(11)66734130;3355000.0;SP;São Paulo;2016;5
35683;47570;2788950;-23.51652;-46.60512;AMA UBS INTEGRADA VILA GUILHERME;R JOAO VENTURA BATISTA;615;VILA GUILHERME;(11)69015883;2054100.0;SP;São Paulo;2016;5
35742;47566;2787601;-23.678420000000003;-46.64464;AMA UBS INTEGRADA JD MIRIAM MANOEL SOARES DE OLIVEIRA;AV SANTO AFONSO;419;AMERICANOPOLIS;(11)56267158;4426000.0;SP;São Paulo;2016;5
35825;47568;2788543;-23.6531;-46.78116;AMA UBS INTEGRADA SAO VICENTE DE PAULA;RUA VICENTE DA COSTA;289;IPIRANGA;(11) 22734592;4266050.0;SP;São Paulo;2016;5
35932;47919;6144055;-23.61147;-46.49405;AMA SAPOPEMBA;RUA JOAO LOPES DE LIMA;1151;JARDIM SAPOPEMBA;11 2018-5674;3976020.0;SP;São Paulo;2016;5
35957;47916;6135722;-23.51756;-46.50626;AMA HOSPITALAR TIDE SETUBAL;RUA DOUTOR JOSE GUILHERME EIRAS;123;SAO MIGUEL PAULISTA;(112058-4364;8010130.0;SP;São Paulo;2016;5
35992;47880;5882281;-23.45651;-46.68581;AMA UBS INTEGRADA JARDIM ELISA MARIA;RUA ROMULO NALDI;57;BRASILANDIA;3981-0967 / 3981-095;2873250.0;SP;São Paulo;2016;5
36006;47921;6148344;-23.46442;-46.654540000000004;AMA JARDIM PERI;AVENIDA PERI RONCHETTI;914;JD PERI;11- 22311822;2633000.0;SP;São Paulo;2016;5
36017;47920;6146317;-23.434479999999997;-46.78895;AMA PARQUE ANHANGUERA;RUA PIERRE RENOIR;100;JD BRITANIA;(11) 39117734;5269030.0;SP;São Paulo;2016;5
36039;47918;6143180;-23.50004;-46.51675;AMA ENG GOULART JOSE PIRES;RUA AUGUSTO CORREA LEITE;538;ENGENHEIRO GOULART;(11)20381626;3726100.0;SP;São Paulo;2016;5
36054;47674;3446905;-23.526329999999998;-46.70064;COORD REGIONAL DE SAUDE OESTE;RUA DR RENATO PAES DE BARROS;77;ITAIM BIBI;(11)30731178;4530000.0;SP;São Paulo;2016;5
36055;47964;6365825;-23.65469;-46.78452;UAD CAPELA DO SOCORRO;GUARUVA;429;CIDADE DUTRA;56665051;4807030.0;SP;São Paulo;2016;5
36068;47850;5662699;-23.59844;-46.63963;AMA SANTA CRUZ;RUA PEDRO DE TOLEDO;309;V CLEMENTINO;(11) 5082-1072;4039030.0;SP;São Paulo;2016;5
36087;47923;6148395;-23.44939;-46.59574;AMA J JOAMAR;RUA ADAUTO BEZERRA DELGADO;240;PQ CASA DE PEDRA;(11)2991-5100;2320110.0;SP;São Paulo;2016;5
36175;47925;6156959;-23.585620000000002;-46.73216;AMA JD PERI PERI;RUA JOAO GUERRA;0147;JD PERI PERI;11 3744-3021;5535100.0;SP;São Paulo;2016;5
36196;47915;6133622;-23.61358;-46.59414;AMA SACOMA;ESTRADA DAS LAGRIMAS;1403;SACOMA;25912016;4232000.0;SP;São Paulo;2016;5
36206;47647;3273997;-23.63748;-46.779579999999996;CECCO CAMPO LIMPO;AV CARLOS LACERDA;678;CAMPO LIMPO;;5789000.0;SP;São Paulo;2016;5
36210;47678;3474674;-23.68572;-46.770109999999995;UNIDADE DE PRONTO ATENDIMENTO JARDIM ANGELA;ESTRADA GUAVIRITUBA;49;VL SANTA LUCIA;(11) 58315665;4937000.0;SP;São Paulo;2016;5
36229;47914;6133525;-23.6589;-46.74306;AMA J SAO LUIZ;RUA LUIZ ANTONIO VERNEY;98;JARDIM SAO LUIZ;(11) 55111153;5846380.0;SP;São Paulo;2016;5
36236;47980;6415431;-23.65559;-46.74123;SAD SERVICO DE ATENCAO DOMICILIAR M BOI MIRIM;RUA DEOCLECIANO DE OLIVEIRA FILHO;641;PQ STO ANTONIO;(11)58110390;5834000.0;SP;São Paulo;2016;5
36245;47913;6133460;-23.69642;-46.66037;UPA PEDREIRA DR CESAR ANTUNES DA ROCHA;AVENIDA NOSSA SENHORA DO SABARA;4901;VILA EMIR;11) 5611-8656;4447021.0;SP;São Paulo;2016;5
36255;47657;3317102;-23.644070000000003;-46.74386;SUPERVISAO TECNICA DE SAUDE CAMPO LIMPO;RUA NOSSA SRA BOM CONSELHO;59;CHACARA NOSSA SENHOR;(11)58149801;5763470.0;SP;São Paulo;2016;5
36258;47803;5268125;-23.52665;-46.55124;AMA MAURICE PATE;RUA FREI GERMANO;50;PENHA;(11)20975802;3604050.0;SP;São Paulo;2016;5
36260;47673;3446867;-23.65128;-46.707840000000004;COORD REGIONAL DE SAUDE SUL;RUA FERNANDES MOREIRA;1470;GRANJA JULIETA;11-20751200;4716003.0;SP;São Paulo;2016;5
36269;47922;6148352;-23.61235;-46.69028;AMA LAUZANE PAULISTA;RUA VALORBE;80;LAUZANE PAULISTA;2232-4694;2442140.0;SP;São Paulo;2016;5
36279;47924;6148891;-23.46891;-46.603790000000004;AMA WAMBERTO DIAS DA COSTA;RUA PAULO CESAR;60;JARDIM TREMEMBE;(11)2203-9305;2311240.0;SP;São Paulo;2016;5
36298;47865;5713870;-23.52496;-46.65178;AMA BORACEA DR LUIZ BACALLA;RUA RIBEIRO DE ALMEIDA;14;BARRA FUNDA;11-33921854;1137020.0;SP;São Paulo;2016;5
36303;47917;6135978;-23.52608;-46.62038;AMA PRES JUSCELINO KUBITSCHEK;AV UTARO KANAI;286;COHAB JUSCELINO;(11)25554474;8465000.0;SP;São Paulo;2016;5
36414;48063;6703607;-23.676820000000003;-46.65266;ASSISTENCIA DOMICILIAR CIDADE ADEMAR;NESTOR SAMPAIO PENTEADO;S/N;AMERICANOPOLIS;11) 5622-1988;4409060.0;SP;São Paulo;2016;5
36562;48137;6926622;-23.60734;-46.59237;AMA SANTA MARCELINA;RUA CACHOEIRA DA ILHA;71;ITAQUERA;20706458;8270110.0;SP;São Paulo;2016;5
36662;48186;6974511;-23.70151;-46.74776;UBS VILA DIONISIA II;RUA SETE DE DEZEMBRO;73;VNC;22081943;2617060.0;SP;São Paulo;2016;5
36718;48660;7136617;-23.56919;-46.66135;UBS VILA CANAA;RUA CONTOS GAUCHESCOS;630;VILA CANAA;11-5565-0485;4369000.0;SP;São Paulo;2016;5
36722;48541;7097778;-23.62728;-46.69165;UBS JARDIM RINCAO;RUA ARROIO DO PALMA;67;TAIPAS;39415172;2991050.0;SP;São Paulo;2016;5
37051;48633;7128940;-23.685570000000002;-46.66153;UBS JARDIM MIRIAM II;AVENIDA CUPECE;5185;JARDIM PRUDENCIA;56236959 56236816;4365001.0;SP;São Paulo;2016;5
37253;49473;7407629;-23.54198;-46.63503;UBS JARDIM JULIETA;R BALTHAZAR FIDELIS;258;JARDIM GUANCA;;2151080.0;SP;São Paulo;2016;5
37319;49313;7357761;-23.53327;-46.66469;UBS JD NOVO PANTANAL PEDREIRA;AVENIDA PROFESSOR CARDOZO DE MELLO NETO;674;JARDIM SANTA TEREZIN;(011) 5672-7092;4474180.0;SP;São Paulo;2016;5
37412;49059;7270941;-23.548000000000002;-46.636;UBS INTEGRAL JD MARINGA VL TALARICO;MUANA;214;J MARINGA;1122693944;3525090.0;SP;São Paulo;2016;5
37803;49153;7302541;-23.50362;-46.59894;UBS JARDIM EDITE;RUA CHARLES COULOMB;080;CIDADE MONCOES;11-43298860;4576030.0;SP;São Paulo;2016;5
38188;50966;7889844;-23.582926;-46.4909974;SAD SAO MATEUS;AV MATEO BEI;838;SAO MATEUS;1137930947;3943000.0;SP;São Paulo;2016;5
39103;50604;7739834;-23.559060100000004;-46.415369500000004;CER II GUAIANASES;R MACABU;35;JARDIM SAO CARLOS;20169559;8411470.0;SP;São Paulo;2016;5
39164;50448;7672578;-23.54198;-46.63503;UBS SAO REMO;RUA BALTAZAR RABELO;0171;RIO PEQUENO;(11)37662217;5360170.0;SP;São Paulo;2016;5
39974;1633;2788632;-23.538439999999998;-46.70368;UBS VILA SANTA MARIA;RUA PROF DARIO RIBEIRO;670;VNC;39656035;2559000.0;SP;São Paulo;2016;5
